1EY0,K,6,A,0.19
1EY0,K,6,G,0.25
1EY0,L,7,A,-1.35
1EY0,L,7,G,-1.26
1EY0,L,7,I,-0.77
1EY0,L,7,V,-1.15
1EY0,H,8,A,-0.48
1EY0,H,8,G,-0.85
1EY0,K,9,A,-1.38
1EY0,K,9,F,-1.03
1EY0,K,9,G,-1.88
1EY0,E,10,A,-1.34
1EY0,E,10,G,-1.86
1EY0,E,10,K,-1.98
1EY0,E,10,Q,-0.97
1EY0,A,12,G,-2.37
1EY0,A,12,V,-0.89
1EY0,T,13,A,-0.73
1EY0,T,13,C,-1.20
1EY0,T,13,G,-1.16
1EY0,T,13,I,-0.05
1EY0,T,13,S,-0.35
1EY0,T,13,V,-0.26
1EY0,L,14,A,-2.38
1EY0,L,14,G,-3.84
1EY0,L,14,I,-1.60
1EY0,L,14,V,-1.63
1EY0,I,15,A,-2.73
1EY0,I,15,G,-3.43
1EY0,I,15,L,-0.62
1EY0,I,15,M,-0.15
1EY0,I,15,V,-0.88
1EY0,K,16,A,-0.06
1EY0,K,16,F,-0.38
1EY0,K,16,G,-0.76
1EY0,A,17,G,0.19
1EY0,A,17,V,-1.94
1EY0,I,18,A,-2.65
1EY0,I,18,G,-2.63
1EY0,I,18,L,-0.14
1EY0,I,18,M,-0.68
1EY0,I,18,V,-0.96
1EY0,D,19,A,-0.09
1EY0,D,19,F,-1.28
1EY0,D,19,G,-0.42
1EY0,D,19,K,-0.41
1EY0,D,19,N,0.07
1EY0,G,20,A,-0.12
1EY0,G,20,V,-2.18
1EY0,D,21,A,0.83
1EY0,D,21,G,0.46
1EY0,D,21,K,1.10
1EY0,D,21,N,1.43
1EY0,T,22,A,-1.69
1EY0,T,22,C,-0.95
1EY0,T,22,G,-2.54
1EY0,T,22,I,-0.61
1EY0,T,22,S,-0.74
1EY0,T,22,V,-0.85
1EY0,V,23,A,-2.70
1EY0,V,23,F,-1.93
1EY0,V,23,I,0.03
1EY0,V,23,L,-0.02
1EY0,V,23,S,-4.76
1EY0,V,23,T,-3.34
1EY0,K,24,A,-0.34
1EY0,K,24,F,-0.40
1EY0,K,24,G,-1.60
1EY0,L,25,A,-2.77
1EY0,L,25,G,-4.58
1EY0,L,25,I,-1.83
1EY0,L,25,V,-1.85
1EY0,M,26,A,-1.61
1EY0,M,26,G,-1.95
1EY0,M,26,I,-0.84
1EY0,M,26,L,-0.31
1EY0,Y,27,A,-3.63
1EY0,Y,27,C,-2.72
1EY0,Y,27,F,-0.40
1EY0,Y,27,H,-1.86
1EY0,Y,27,I,-2.28
1EY0,Y,27,K,-3.78
1EY0,Y,27,L,-1.55
1EY0,Y,27,M,-1.94
1EY0,Y,27,N,-3.83
1EY0,Y,27,Q,-3.31
1EY0,Y,27,R,-3.05
1EY0,Y,27,S,-3.21
1EY0,Y,27,T,-3.18
1EY0,Y,27,V,-2.65
1EY0,Y,27,W,-0.72
1EY0,K,28,A,-0.70
1EY0,K,28,E,-0.79
1EY0,K,28,F,-0.85
1EY0,K,28,G,-0.80
1EY0,K,28,Q,-0.28
1EY0,G,29,A,-1.41
1EY0,G,29,C,-1.26
1EY0,G,29,F,-1.46
1EY0,G,29,V,-3.11
1EY0,Q,30,A,-0.25
1EY0,Q,30,G,-0.93
1EY0,M,32,A,-1.81
1EY0,M,32,G,-2.54
1EY0,M,32,I,-0.56
1EY0,M,32,L,-0.76
1EY0,T,33,A,-1.52
1EY0,T,33,C,-1.04
1EY0,T,33,G,-2.62
1EY0,T,33,I,0.73
1EY0,T,33,S,-1.35
1EY0,T,33,V,0.47
1EY0,F,34,A,-3.80
1EY0,R,35,A,-1.38
1EY0,R,35,G,-2.26
1EY0,L,36,A,-3.66
1EY0,L,36,I,-3.09
1EY0,L,36,V,-3.58
1EY0,L,37,A,-1.51
1EY0,L,37,G,-3.79
1EY0,L,37,I,-1.82
1EY0,L,37,V,-2.78
1EY0,L,38,A,-1.51
1EY0,L,38,G,-0.28
1EY0,L,38,I,-2.06
1EY0,L,38,V,-0.14
1EY0,V,39,A,-2.16
1EY0,V,39,G,-4.61
1EY0,V,39,I,0.11
1EY0,V,39,L,-0.90
1EY0,V,39,S,-2.44
1EY0,V,39,T,-1.55
1EY0,D,40,A,0.41
1EY0,D,40,G,-0.38
1EY0,T,41,A,0.07
1EY0,T,41,C,0.74
1EY0,T,41,G,-1.79
1EY0,T,41,I,0.86
1EY0,T,41,S,-0.88
1EY0,T,41,V,0.90
1EY0,E,43,A,0.32
1EY0,E,43,D,0.20
1EY0,E,43,G,0.59
1EY0,T,44,A,-0.23
1EY0,T,44,C,-0.04
1EY0,T,44,G,-0.37
1EY0,T,44,I,-0.56
1EY0,T,44,S,0.04
1EY0,T,44,V,0.09
1EY0,K,45,A,0.19
1EY0,K,45,G,0.20
1EY0,H,46,A,-0.45
1EY0,H,46,G,-0.17
1EY0,H,46,Y,0.00
1EY0,K,48,A,0.09
1EY0,K,48,E,0.10
1EY0,K,48,F,-0.25
1EY0,K,48,G,0.24
1EY0,K,48,Q,-0.02
1EY0,K,49,A,-0.25
1EY0,K,49,F,0.20
1EY0,K,49,G,-0.10
1EY0,G,50,A,0.16
1EY0,G,50,C,-0.75
1EY0,G,50,F,-0.55
1EY0,G,50,V,-1.00
1EY0,V,51,A,-0.05
1EY0,V,51,G,-0.17
1EY0,V,51,I,0.09
1EY0,V,51,L,-0.10
1EY0,V,51,S,0.01
1EY0,V,51,T,0.20
1EY0,E,52,A,-0.05
1EY0,E,52,F,-0.51
1EY0,E,52,G,-0.27
1EY0,K,53,A,-0.17
1EY0,K,53,G,-0.08
1EY0,Y,54,A,-1.97
1EY0,Y,54,F,-0.38
1EY0,Y,54,G,-1.72
1EY0,Y,54,L,-3.31
1EY0,G,55,A,-0.44
1EY0,G,55,V,-1.48
1EY0,E,57,A,-0.10
1EY0,E,57,C,-0.64
1EY0,E,57,F,-0.79
1EY0,E,57,G,-1.41
1EY0,E,57,K,0.01
1EY0,E,57,Q,-0.14
1EY0,A,58,G,-2.53
1EY0,A,58,V,-2.63
1EY0,S,59,A,0.62
1EY0,S,59,F,0.56
1EY0,S,59,G,-1.03
1EY0,A,60,C,-1.12
1EY0,A,60,F,-0.80
1EY0,A,60,G,-1.45
1EY0,A,60,V,-2.68
1EY0,F,61,A,-2.34
1EY0,F,61,G,-4.76
1EY0,T,62,A,-2.23
1EY0,T,62,C,-1.05
1EY0,T,62,G,-3.52
1EY0,T,62,I,-1.17
1EY0,T,62,S,-2.15
1EY0,T,62,V,0.10
1EY0,K,63,A,-0.32
1EY0,K,63,E,-1.47
1EY0,K,63,F,-1.83
1EY0,K,63,G,-1.57
1EY0,K,63,Q,-0.89
1EY0,K,64,A,0.16
1EY0,K,64,E,-1.68
1EY0,K,64,F,-0.09
1EY0,K,64,G,-0.51
1EY0,K,64,Q,0.00
1EY0,M,65,A,-2.06
1EY0,M,65,F,-1.62
1EY0,M,65,G,-4.66
1EY0,M,65,I,-1.43
1EY0,M,65,L,-0.73
1EY0,V,66,A,-2.34
1EY0,V,66,G,-4.49
1EY0,V,66,I,-0.76
1EY0,V,66,K,-4.83
1EY0,V,66,L,0.37
1EY0,V,66,M,-0.14
1EY0,V,66,S,-3.09
1EY0,V,66,T,-1.34
1EY0,V,66,W,-2.69
1EY0,E,67,A,-1.05
1EY0,E,67,F,-1.33
1EY0,E,67,G,-1.00
1EY0,E,67,Q,-0.57
1EY0,N,68,A,-0.38
1EY0,N,68,G,-0.35
1EY0,A,69,G,-2.10
1EY0,A,69,T,-3.03
1EY0,A,69,V,-2.80
1EY0,K,70,A,-0.16
1EY0,K,70,C,-0.48
1EY0,K,70,E,-0.30
1EY0,K,70,F,-0.03
1EY0,K,70,G,-0.60
1EY0,K,70,Q,-0.25
1EY0,K,70,W,-0.40
1EY0,K,71,A,-0.55
1EY0,K,71,F,0.04
1EY0,K,71,G,-1.31
1EY0,I,72,L,-0.23
1EY0,I,72,M,-1.88
1EY0,I,72,V,-1.79
1EY0,E,73,A,-1.46
1EY0,E,73,F,-0.88
1EY0,E,73,G,-2.76
1EY0,E,73,K,-2.06
1EY0,E,73,Q,-0.64
1EY0,V,74,A,-3.23
1EY0,V,74,I,-1.91
1EY0,V,74,L,-1.12
1EY0,V,74,T,-3.88
1EY0,E,75,A,-1.69
1EY0,E,75,G,-3.43
1EY0,E,75,K,-2.22
1EY0,E,75,Q,-0.61
1EY0,E,75,V,-2.31
1EY0,F,76,A,-4.10
1EY0,F,76,G,-4.73
1EY0,D,77,A,-2.39
1EY0,D,77,G,-1.81
1EY0,D,77,K,-3.28
1EY0,D,77,N,-2.69
1EY0,K,78,A,-0.50
1EY0,K,78,C,-0.26
1EY0,K,78,E,-0.69
1EY0,K,78,F,0.05
1EY0,K,78,G,-1.07
1EY0,K,78,Q,-0.15
1EY0,G,79,A,-2.17
1EY0,G,79,D,-2.28
1EY0,G,79,S,-2.14
1EY0,G,79,V,-2.23
1EY0,Q,80,A,-0.02
1EY0,Q,80,F,-0.58
1EY0,Q,80,G,-1.25
1EY0,R,81,A,-1.10
1EY0,R,81,G,-2.06
1EY0,T,82,A,-0.89
1EY0,T,82,C,-0.19
1EY0,T,82,G,-2.03
1EY0,T,82,I,0.51
1EY0,T,82,S,-0.75
1EY0,T,82,V,0.24
1EY0,D,83,A,-3.76
1EY0,D,83,G,-2.64
1EY0,K,84,A,0.10
1EY0,K,84,E,0.00
1EY0,K,84,F,-0.75
1EY0,K,84,G,-0.39
1EY0,K,84,Q,-0.15
1EY0,Y,85,A,-0.41
1EY0,Y,85,F,-0.07
1EY0,Y,85,G,-1.05
1EY0,Y,85,L,-0.15
1EY0,G,86,A,-0.31
1EY0,G,86,F,-1.99
1EY0,G,86,V,-3.74
1EY0,R,87,A,-0.79
1EY0,R,87,G,-2.53
1EY0,G,88,A,0.19
1EY0,G,88,V,-0.24
1EY0,G,88,W,-0.10
1EY0,L,89,A,-2.60
1EY0,L,89,F,-1.20
1EY0,L,89,G,-3.18
1EY0,L,89,I,-1.04
1EY0,L,89,V,-1.42
1EY0,A,90,G,-1.92
1EY0,A,90,S,-2.24
1EY0,A,90,V,0.04
1EY0,Y,91,F,-2.27
1EY0,Y,91,L,-3.83
1EY0,I,92,A,-4.12
1EY0,I,92,L,-0.60
1EY0,I,92,M,-1.75
1EY0,I,92,V,-0.46
1EY0,Y,93,F,-1.81
1EY0,Y,93,L,-4.53
1EY0,A,94,G,-2.54
1EY0,A,94,V,-1.13
1EY0,D,95,A,-3.50
1EY0,D,95,G,-2.93
1EY0,G,96,A,-1.80
1EY0,G,96,F,-2.55
1EY0,G,96,V,-3.74
1EY0,K,97,A,-0.22
1EY0,K,97,E,-0.47
1EY0,K,97,F,-0.58
1EY0,K,97,G,-1.85
1EY0,K,97,Q,-0.30
1EY0,M,98,A,-4.43
1EY0,M,98,G,-4.44
1EY0,M,98,I,-4.39
1EY0,M,98,L,-2.30
1EY0,V,99,A,-3.35
1EY0,V,99,I,-0.14
1EY0,V,99,L,-0.15
1EY0,V,99,T,-3.36
1EY0,N,100,G,-4.98
1EY0,E,101,A,-1.36
1EY0,E,101,F,-2.74
1EY0,E,101,G,-2.47
1EY0,A,102,F,-1.71
1EY0,A,102,G,-1.37
1EY0,A,102,V,-1.84
1EY0,L,103,A,-4.60
1EY0,L,103,I,-1.11
1EY0,L,103,V,-2.05
1EY0,V,104,A,-2.82
1EY0,V,104,I,0.27
1EY0,V,104,L,-0.76
1EY0,V,104,S,-4.86
1EY0,V,104,T,-2.45
1EY0,R,105,A,-1.32
1EY0,R,105,C,-2.55
1EY0,R,105,F,-2.84
1EY0,R,105,G,-2.40
1EY0,Q,106,A,0.25
1EY0,Q,106,G,-1.50
1EY0,G,107,A,-4.41
1EY0,L,108,I,-3.34
1EY0,L,108,V,-3.81
1EY0,A,109,G,-0.98
1EY0,A,109,V,-2.82
1EY0,K,110,A,-1.13
1EY0,K,110,G,-2.59
1EY0,V,111,A,-4.26
1EY0,V,111,G,-4.82
1EY0,V,111,I,-0.74
1EY0,V,111,L,-0.88
1EY0,V,111,S,-4.71
1EY0,V,111,T,-2.36
1EY0,A,112,C,-0.75
1EY0,A,112,F,-1.35
1EY0,A,112,G,0.20
1EY0,A,112,V,-1.19
1EY0,Y,113,A,0.06
1EY0,Y,113,F,0.07
1EY0,Y,113,G,-0.20
1EY0,Y,113,L,0.20
1EY0,V,114,A,0.14
1EY0,V,114,G,-0.03
1EY0,V,114,I,-0.15
1EY0,V,114,L,-1.07
1EY0,V,114,S,-0.04
1EY0,V,114,T,-0.31
1EY0,Y,115,A,-0.25
1EY0,Y,115,F,-0.02
1EY0,Y,115,G,-0.56
1EY0,Y,115,L,-0.22
1EY0,K,116,A,0.69
1EY0,K,116,F,0.21
1EY0,K,116,G,1.05
1EY0,N,118,A,-1.88
1EY0,N,118,D,-2.34
1EY0,N,118,G,-1.61
1EY0,N,119,A,-1.03
1EY0,N,119,G,-0.97
1EY0,T,120,A,-1.08
1EY0,T,120,C,-1.59
1EY0,T,120,G,-1.87
1EY0,T,120,I,-1.54
1EY0,T,120,S,-0.57
1EY0,T,120,V,-1.63
1EY0,H,121,A,-2.92
1EY0,H,121,G,-4.09
1EY0,E,122,A,-0.27
1EY0,E,122,F,-0.44
1EY0,E,122,G,-1.99
1EY0,E,122,K,-2.53
1EY0,E,122,Q,-1.52
1EY0,Q,123,A,-0.10
1EY0,Q,123,F,-0.51
1EY0,Q,123,G,-0.44
1EY0,H,124,A,0.57
1EY0,H,124,E,0.46
1EY0,H,124,F,0.51
1EY0,H,124,G,-0.52
1EY0,H,124,L,1.31
1EY0,H,124,Q,0.69
1EY0,L,125,A,-4.78
1EY0,L,125,I,-0.96
1EY0,L,125,V,-2.30
1EY0,R,126,A,-1.64
1EY0,R,126,G,-2.86
1EY0,K,127,A,0.24
1EY0,K,127,E,0.13
1EY0,K,127,F,-0.22
1EY0,K,127,G,-0.79
1EY0,K,127,Q,0.06
1EY0,S,128,A,0.83
1EY0,S,128,F,-1.00
1EY0,S,128,G,-1.52
1EY0,E,129,A,-2.20
1EY0,E,129,F,-3.88
1EY0,E,129,G,-3.72
1EY0,A,130,G,-1.00
1EY0,A,130,V,-1.08
1EY0,Q,131,A,-0.10
1EY0,Q,131,F,-0.55
1EY0,Q,131,G,-2.26
1EY0,A,132,G,-3.60
1EY0,A,132,V,-4.73
1EY0,K,133,A,-1.32
1EY0,K,133,F,-1.26
1EY0,K,133,G,-3.22
1EY0,K,133,Q,-0.44
1EY0,K,134,A,0.12
1EY0,K,134,C,-0.70
1EY0,K,134,F,-0.26
1EY0,K,134,G,-0.79
1EY0,E,135,A,-0.73
1EY0,E,135,F,-1.10
1EY0,E,135,G,-1.64
1EY0,E,135,K,-1.17
1EY0,E,135,Q,-0.71
1EY0,K,136,A,-0.75
1EY0,K,136,F,-0.97
1EY0,K,136,G,-0.02
1EY0,L,137,A,-2.18
1EY0,L,137,G,-4.43
1EY0,L,137,I,-0.76
1EY0,L,137,V,-1.42
1EY0,N,138,A,-0.97
1EY0,N,138,G,0.59
1EY0,I,139,A,-3.29
1EY0,I,139,G,-4.22
1EY0,I,139,L,-0.09
1EY0,I,139,M,-0.39
1EY0,I,139,V,-1.37
1EY0,S,141,A,-0.27
1EY0,S,141,G,-0.82
1EY0,P,47,F,-0.055555556
1EY0,T,62,F,-0.111111111
1EY0,T,62,H,-2.222222222
1EY0,T,62,K,-5.055555556
1EY0,T,62,L,-1.472222222
1EY0,T,62,M,-0.638888889
1EY0,T,62,N,-4.416666667
1EY0,T,62,Q,-3.444444444
1EY0,S,147,A,0.138888889
1EY0,D,143,F,0.027777778
