EValue, MaxBlast, CompleteSeq, Redundancy, ConThresh, ConRatio, WT, Res, Sug
0.1, 10000, False, 0.7, 0.05, 1, E, 19, K
0.1, 10000, False, 0.7, 0.05, 1, A, 24, E
0.1, 10000, False, 0.7, 0.05, 1, V, 29, Y
0.1, 10000, False, 0.7, 0.05, 1, K, 31, R
0.1, 10000, False, 0.7, 0.05, 1, I, 6, V
0.1, 10000, False, 0.7, 0.05, 1, T, 44, S
0.1, 10000, False, 0.7, 0.05, 1, Q, 32, N
0.1, 10000, False, 0.7, 0.1, 1, E, 19, K
0.1, 10000, False, 0.7, 0.1, 1, A, 24, E
0.1, 10000, False, 0.7, 0.1, 1, V, 29, Y
0.1, 10000, False, 0.7, 0.1, 1, K, 31, R
0.1, 10000, False, 0.7, 0.1, 1, I, 6, V
0.1, 10000, False, 0.7, 0.1, 1, T, 44, S
0.1, 10000, False, 0.7, 0.1, 1, Q, 32, N
0.1, 10000, False, 0.7, 0.2, 1, E, 19, K
0.1, 10000, False, 0.7, 0.2, 1, A, 24, E
0.1, 10000, False, 0.7, 0.2, 1, V, 29, Y
0.1, 10000, False, 0.7, 0.2, 1, K, 31, R
0.1, 10000, False, 0.7, 0.2, 1, I, 6, V
0.1, 10000, False, 0.7, 0.2, 1, T, 44, S
0.1, 10000, False, 0.7, 0.2, 1, Q, 32, N
0.1, 10000, False, 0.7, 0.4, 1, E, 19, K
0.1, 10000, False, 0.7, 0.4, 1, A, 24, E
0.1, 10000, False, 0.7, 0.4, 1, V, 29, Y
0.1, 10000, False, 0.7, 0.4, 1, K, 31, R
0.1, 10000, False, 0.7, 0.4, 1, I, 6, V
0.1, 10000, False, 0.7, 0.4, 1, T, 44, S
0.1, 10000, False, 0.7, 0.4, 1, Q, 32, N
0.1, 10000, False, 0.7, 0.6, 1, E, 19, K
0.1, 10000, False, 0.7, 0.6, 1, A, 24, E
0.1, 10000, False, 0.7, 0.6, 1, V, 29, Y
0.1, 10000, False, 0.7, 0.6, 1, K, 31, R
0.1, 10000, False, 0.7, 0.6, 1, T, 44, S
0.1, 10000, False, 0.7, 0.6, 1, Q, 32, N
0.1, 10000, False, 0.7, 0.8, 1, E, 19, K
0.1, 10000, False, 0.7, 0.8, 1, A, 24, E
0.1, 10000, False, 0.7, 0.8, 1, V, 29, Y
0.1, 10000, False, 0.7, 0.8, 1, K, 31, R
0.1, 10000, False, 0.7, 0.8, 1, T, 44, S
0.1, 10000, False, 0.7, 0.8, 1, Q, 32, N
0.1, 10000, False, 0.7, 0.9, 1, E, 19, K
0.1, 10000, False, 0.7, 0.9, 1, A, 24, E
0.1, 10000, False, 0.7, 0.9, 1, V, 29, Y
0.1, 10000, False, 0.7, 0.9, 1, K, 31, R
0.1, 10000, False, 0.7, 0.9, 1, T, 44, S
0.1, 10000, False, 0.7, 0.9, 1, Q, 32, N
0.1, 10000, False, 0.7, 0.99, 1, E, 19, K
0.1, 10000, False, 0.7, 0.99, 1, A, 24, E
0.1, 10000, False, 0.7, 0.99, 1, V, 29, Y
0.1, 10000, False, 0.7, 0.99, 1, K, 31, R
0.1, 10000, False, 0.7, 0.99, 1, T, 44, S
0.1, 10000, False, 0.7, 0.99, 1, Q, 32, N
0.1, 10000, False, 0.7, 0.05, 2, E, 19, K
0.1, 10000, False, 0.7, 0.05, 2, A, 24, E
0.1, 10000, False, 0.7, 0.05, 2, V, 29, Y
0.1, 10000, False, 0.7, 0.05, 2, K, 31, R
0.1, 10000, False, 0.7, 0.05, 2, I, 6, V
0.1, 10000, False, 0.7, 0.05, 2, T, 44, S
0.1, 10000, False, 0.7, 0.05, 2, Q, 32, N
0.1, 10000, False, 0.7, 0.1, 2, E, 19, K
0.1, 10000, False, 0.7, 0.1, 2, A, 24, E
0.1, 10000, False, 0.7, 0.1, 2, V, 29, Y
0.1, 10000, False, 0.7, 0.1, 2, K, 31, R
0.1, 10000, False, 0.7, 0.1, 2, I, 6, V
0.1, 10000, False, 0.7, 0.1, 2, T, 44, S
0.1, 10000, False, 0.7, 0.1, 2, Q, 32, N
0.1, 10000, False, 0.7, 0.2, 2, E, 19, K
0.1, 10000, False, 0.7, 0.2, 2, A, 24, E
0.1, 10000, False, 0.7, 0.2, 2, V, 29, Y
0.1, 10000, False, 0.7, 0.2, 2, K, 31, R
0.1, 10000, False, 0.7, 0.2, 2, I, 6, V
0.1, 10000, False, 0.7, 0.2, 2, T, 44, S
0.1, 10000, False, 0.7, 0.2, 2, Q, 32, N
0.1, 10000, False, 0.7, 0.4, 2, E, 19, K
0.1, 10000, False, 0.7, 0.4, 2, A, 24, E
0.1, 10000, False, 0.7, 0.4, 2, V, 29, Y
0.1, 10000, False, 0.7, 0.4, 2, K, 31, R
0.1, 10000, False, 0.7, 0.4, 2, I, 6, V
0.1, 10000, False, 0.7, 0.4, 2, T, 44, S
0.1, 10000, False, 0.7, 0.6, 2, V, 29, Y
0.1, 10000, False, 0.7, 0.8, 2, V, 29, Y
0.1, 10000, False, 0.7, 0.9, 2, V, 29, Y
0.1, 10000, False, 0.7, 0.99, 2, V, 29, Y
0.1, 10000, False, 0.7, 0.05, 4, E, 19, K
0.1, 10000, False, 0.7, 0.05, 4, A, 24, E
0.1, 10000, False, 0.7, 0.05, 4, V, 29, Y
0.1, 10000, False, 0.7, 0.05, 4, K, 31, R
0.1, 10000, False, 0.7, 0.05, 4, I, 6, V
0.1, 10000, False, 0.7, 0.05, 4, T, 44, S
0.1, 10000, False, 0.7, 0.05, 4, Q, 32, N
0.1, 10000, False, 0.7, 0.1, 4, E, 19, K
0.1, 10000, False, 0.7, 0.1, 4, A, 24, E
0.1, 10000, False, 0.7, 0.1, 4, V, 29, Y
0.1, 10000, False, 0.7, 0.1, 4, K, 31, R
0.1, 10000, False, 0.7, 0.1, 4, I, 6, V
0.1, 10000, False, 0.7, 0.1, 4, T, 44, S
0.1, 10000, False, 0.7, 0.1, 4, Q, 32, N
0.1, 10000, False, 0.7, 0.2, 4, E, 19, K
0.1, 10000, False, 0.7, 0.2, 4, A, 24, E
0.1, 10000, False, 0.7, 0.2, 4, V, 29, Y
0.1, 10000, False, 0.7, 0.2, 4, K, 31, R
0.1, 10000, False, 0.7, 0.2, 4, I, 6, V
0.1, 10000, False, 0.7, 0.2, 4, T, 44, S
0.1, 10000, False, 0.7, 0.2, 4, Q, 32, N
0.1, 10000, False, 0.7, 0.4, 4, E, 19, K
0.1, 10000, False, 0.7, 0.4, 4, A, 24, E
0.1, 10000, False, 0.7, 0.4, 4, V, 29, Y
0.1, 10000, False, 0.7, 0.4, 4, K, 31, R
0.1, 10000, False, 0.7, 0.4, 4, I, 6, V
0.1, 10000, False, 0.7, 0.4, 4, T, 44, S
0.1, 10000, False, 0.7, 0.05, 8, E, 19, K
0.1, 10000, False, 0.7, 0.05, 8, A, 24, E
0.1, 10000, False, 0.7, 0.05, 8, V, 29, Y
0.1, 10000, False, 0.7, 0.05, 8, K, 31, R
0.1, 10000, False, 0.7, 0.05, 8, I, 6, V
0.1, 10000, False, 0.7, 0.05, 8, T, 44, S
0.1, 10000, False, 0.7, 0.05, 8, Q, 32, N
0.1, 10000, False, 0.7, 0.1, 8, E, 19, K
0.1, 10000, False, 0.7, 0.1, 8, A, 24, E
0.1, 10000, False, 0.7, 0.1, 8, V, 29, Y
0.1, 10000, False, 0.7, 0.1, 8, K, 31, R
0.1, 10000, False, 0.7, 0.1, 8, I, 6, V
0.1, 10000, False, 0.7, 0.1, 8, T, 44, S
0.1, 10000, False, 0.7, 0.1, 8, Q, 32, N
0.1, 10000, False, 0.7, 0.2, 8, E, 19, K
0.1, 10000, False, 0.7, 0.2, 8, A, 24, E
0.1, 10000, False, 0.7, 0.2, 8, V, 29, Y
0.1, 10000, False, 0.7, 0.2, 8, K, 31, R
0.1, 10000, False, 0.7, 0.2, 8, I, 6, V
0.1, 10000, False, 0.7, 0.2, 8, T, 44, S
0.1, 10000, False, 0.7, 0.2, 8, Q, 32, N
0.1, 10000, False, 0.7, 0.4, 8, E, 19, K
0.1, 10000, False, 0.7, 0.4, 8, A, 24, E
0.1, 10000, False, 0.7, 0.4, 8, V, 29, Y
0.1, 10000, False, 0.7, 0.4, 8, K, 31, R
0.1, 10000, False, 0.7, 0.4, 8, I, 6, V
0.1, 10000, False, 0.7, 0.4, 8, T, 44, S
0.1, 10000, False, 0.7, 0.05, 16, E, 19, K
0.1, 10000, False, 0.7, 0.05, 16, A, 24, E
0.1, 10000, False, 0.7, 0.05, 16, V, 29, Y
0.1, 10000, False, 0.7, 0.05, 16, K, 31, R
0.1, 10000, False, 0.7, 0.05, 16, I, 6, V
0.1, 10000, False, 0.7, 0.05, 16, T, 44, S
0.1, 10000, False, 0.7, 0.05, 16, Q, 32, N
0.1, 10000, False, 0.7, 0.1, 16, E, 19, K
0.1, 10000, False, 0.7, 0.1, 16, A, 24, E
0.1, 10000, False, 0.7, 0.1, 16, V, 29, Y
0.1, 10000, False, 0.7, 0.1, 16, K, 31, R
0.1, 10000, False, 0.7, 0.1, 16, I, 6, V
0.1, 10000, False, 0.7, 0.1, 16, T, 44, S
0.1, 10000, False, 0.7, 0.1, 16, Q, 32, N
0.1, 10000, False, 0.7, 0.2, 16, E, 19, K
0.1, 10000, False, 0.7, 0.2, 16, A, 24, E
0.1, 10000, False, 0.7, 0.2, 16, V, 29, Y
0.1, 10000, False, 0.7, 0.2, 16, K, 31, R
0.1, 10000, False, 0.7, 0.2, 16, I, 6, V
0.1, 10000, False, 0.7, 0.2, 16, T, 44, S
0.1, 10000, False, 0.7, 0.2, 16, Q, 32, N
0.1, 10000, False, 0.7, 0.4, 16, E, 19, K
0.1, 10000, False, 0.7, 0.4, 16, A, 24, E
0.1, 10000, False, 0.7, 0.4, 16, V, 29, Y
0.1, 10000, False, 0.7, 0.4, 16, K, 31, R
0.1, 10000, False, 0.7, 0.4, 16, I, 6, V
0.1, 10000, False, 0.7, 0.4, 16, T, 44, S
0.1, 10000, False, 0.7, 0.05, 32, E, 19, K
0.1, 10000, False, 0.7, 0.05, 32, A, 24, E
0.1, 10000, False, 0.7, 0.05, 32, V, 29, Y
0.1, 10000, False, 0.7, 0.05, 32, K, 31, R
0.1, 10000, False, 0.7, 0.05, 32, I, 6, V
0.1, 10000, False, 0.7, 0.05, 32, T, 44, S
0.1, 10000, False, 0.7, 0.05, 32, Q, 32, N
0.1, 10000, False, 0.7, 0.1, 32, E, 19, K
0.1, 10000, False, 0.7, 0.1, 32, A, 24, E
0.1, 10000, False, 0.7, 0.1, 32, V, 29, Y
0.1, 10000, False, 0.7, 0.1, 32, K, 31, R
0.1, 10000, False, 0.7, 0.1, 32, I, 6, V
0.1, 10000, False, 0.7, 0.1, 32, T, 44, S
0.1, 10000, False, 0.7, 0.1, 32, Q, 32, N
0.1, 10000, False, 0.7, 0.2, 32, E, 19, K
0.1, 10000, False, 0.7, 0.2, 32, A, 24, E
0.1, 10000, False, 0.7, 0.2, 32, V, 29, Y
0.1, 10000, False, 0.7, 0.2, 32, K, 31, R
0.1, 10000, False, 0.7, 0.2, 32, I, 6, V
0.1, 10000, False, 0.7, 0.2, 32, T, 44, S
0.1, 10000, False, 0.7, 0.2, 32, Q, 32, N
0.1, 10000, False, 0.7, 0.4, 32, E, 19, K
0.1, 10000, False, 0.7, 0.4, 32, A, 24, E
0.1, 10000, False, 0.7, 0.4, 32, V, 29, Y
0.1, 10000, False, 0.7, 0.4, 32, K, 31, R
0.1, 10000, False, 0.7, 0.4, 32, I, 6, V
0.1, 10000, False, 0.7, 0.4, 32, T, 44, S
0.1, 10000, False, 0.7, 0.05, 64, E, 19, K
0.1, 10000, False, 0.7, 0.05, 64, A, 24, E
0.1, 10000, False, 0.7, 0.05, 64, V, 29, Y
0.1, 10000, False, 0.7, 0.05, 64, K, 31, R
0.1, 10000, False, 0.7, 0.05, 64, I, 6, V
0.1, 10000, False, 0.7, 0.05, 64, T, 44, S
0.1, 10000, False, 0.7, 0.05, 64, Q, 32, N
0.1, 10000, False, 0.7, 0.1, 64, E, 19, K
0.1, 10000, False, 0.7, 0.1, 64, A, 24, E
0.1, 10000, False, 0.7, 0.1, 64, V, 29, Y
0.1, 10000, False, 0.7, 0.1, 64, K, 31, R
0.1, 10000, False, 0.7, 0.1, 64, I, 6, V
0.1, 10000, False, 0.7, 0.1, 64, T, 44, S
0.1, 10000, False, 0.7, 0.1, 64, Q, 32, N
0.1, 10000, False, 0.7, 0.2, 64, E, 19, K
0.1, 10000, False, 0.7, 0.2, 64, A, 24, E
0.1, 10000, False, 0.7, 0.2, 64, V, 29, Y
0.1, 10000, False, 0.7, 0.2, 64, K, 31, R
0.1, 10000, False, 0.7, 0.2, 64, I, 6, V
0.1, 10000, False, 0.7, 0.2, 64, T, 44, S
0.1, 10000, False, 0.7, 0.2, 64, Q, 32, N
0.1, 10000, False, 0.7, 0.4, 64, E, 19, K
0.1, 10000, False, 0.7, 0.4, 64, A, 24, E
0.1, 10000, False, 0.7, 0.4, 64, V, 29, Y
0.1, 10000, False, 0.7, 0.4, 64, K, 31, R
0.1, 10000, False, 0.7, 0.4, 64, I, 6, V
0.1, 10000, False, 0.7, 0.4, 64, T, 44, S
0.1, 10000, False, 0.7, 0.05, 100, E, 19, K
0.1, 10000, False, 0.7, 0.05, 100, A, 24, E
0.1, 10000, False, 0.7, 0.05, 100, V, 29, Y
0.1, 10000, False, 0.7, 0.05, 100, K, 31, R
0.1, 10000, False, 0.7, 0.05, 100, I, 6, V
0.1, 10000, False, 0.7, 0.05, 100, T, 44, S
0.1, 10000, False, 0.7, 0.05, 100, Q, 32, N
0.1, 10000, False, 0.7, 0.1, 100, E, 19, K
0.1, 10000, False, 0.7, 0.1, 100, A, 24, E
0.1, 10000, False, 0.7, 0.1, 100, V, 29, Y
0.1, 10000, False, 0.7, 0.1, 100, K, 31, R
0.1, 10000, False, 0.7, 0.1, 100, I, 6, V
0.1, 10000, False, 0.7, 0.1, 100, T, 44, S
0.1, 10000, False, 0.7, 0.1, 100, Q, 32, N
0.1, 10000, False, 0.7, 0.2, 100, E, 19, K
0.1, 10000, False, 0.7, 0.2, 100, A, 24, E
0.1, 10000, False, 0.7, 0.2, 100, V, 29, Y
0.1, 10000, False, 0.7, 0.2, 100, K, 31, R
0.1, 10000, False, 0.7, 0.2, 100, I, 6, V
0.1, 10000, False, 0.7, 0.2, 100, T, 44, S
0.1, 10000, False, 0.7, 0.2, 100, Q, 32, N
0.1, 10000, False, 0.7, 0.4, 100, E, 19, K
0.1, 10000, False, 0.7, 0.4, 100, A, 24, E
0.1, 10000, False, 0.7, 0.4, 100, V, 29, Y
0.1, 10000, False, 0.7, 0.4, 100, K, 31, R
0.1, 10000, False, 0.7, 0.4, 100, I, 6, V
0.1, 10000, False, 0.7, 0.4, 100, T, 44, S
0.1, 10000, True, 0.7, 0.05, 1, E, 19, K
0.1, 10000, True, 0.7, 0.05, 1, A, 24, E
0.1, 10000, True, 0.7, 0.05, 1, V, 29, Y
0.1, 10000, True, 0.7, 0.05, 1, K, 31, R
0.1, 10000, True, 0.7, 0.05, 1, I, 6, V
0.1, 10000, True, 0.7, 0.05, 1, T, 44, S
0.1, 10000, True, 0.7, 0.05, 1, Q, 32, N
0.1, 10000, True, 0.7, 0.1, 1, E, 19, K
0.1, 10000, True, 0.7, 0.1, 1, A, 24, E
0.1, 10000, True, 0.7, 0.1, 1, V, 29, Y
0.1, 10000, True, 0.7, 0.1, 1, K, 31, R
0.1, 10000, True, 0.7, 0.1, 1, I, 6, V
0.1, 10000, True, 0.7, 0.1, 1, T, 44, S
0.1, 10000, True, 0.7, 0.1, 1, Q, 32, N
0.1, 10000, True, 0.7, 0.2, 1, E, 19, K
0.1, 10000, True, 0.7, 0.2, 1, A, 24, E
0.1, 10000, True, 0.7, 0.2, 1, V, 29, Y
0.1, 10000, True, 0.7, 0.2, 1, K, 31, R
0.1, 10000, True, 0.7, 0.2, 1, I, 6, V
0.1, 10000, True, 0.7, 0.2, 1, T, 44, S
0.1, 10000, True, 0.7, 0.2, 1, Q, 32, N
0.1, 10000, True, 0.7, 0.4, 1, E, 19, K
0.1, 10000, True, 0.7, 0.4, 1, A, 24, E
0.1, 10000, True, 0.7, 0.4, 1, V, 29, Y
0.1, 10000, True, 0.7, 0.4, 1, K, 31, R
0.1, 10000, True, 0.7, 0.4, 1, I, 6, V
0.1, 10000, True, 0.7, 0.4, 1, T, 44, S
0.1, 10000, True, 0.7, 0.4, 1, Q, 32, N
0.1, 10000, True, 0.7, 0.6, 1, E, 19, K
0.1, 10000, True, 0.7, 0.6, 1, A, 24, E
0.1, 10000, True, 0.7, 0.6, 1, V, 29, Y
0.1, 10000, True, 0.7, 0.6, 1, K, 31, R
0.1, 10000, True, 0.7, 0.6, 1, T, 44, S
0.1, 10000, True, 0.7, 0.6, 1, Q, 32, N
0.1, 10000, True, 0.7, 0.8, 1, E, 19, K
0.1, 10000, True, 0.7, 0.8, 1, A, 24, E
0.1, 10000, True, 0.7, 0.8, 1, V, 29, Y
0.1, 10000, True, 0.7, 0.8, 1, K, 31, R
0.1, 10000, True, 0.7, 0.8, 1, T, 44, S
0.1, 10000, True, 0.7, 0.8, 1, Q, 32, N
0.1, 10000, True, 0.7, 0.9, 1, E, 19, K
0.1, 10000, True, 0.7, 0.9, 1, A, 24, E
0.1, 10000, True, 0.7, 0.9, 1, V, 29, Y
0.1, 10000, True, 0.7, 0.9, 1, K, 31, R
0.1, 10000, True, 0.7, 0.9, 1, T, 44, S
0.1, 10000, True, 0.7, 0.9, 1, Q, 32, N
0.1, 10000, True, 0.7, 0.99, 1, E, 19, K
0.1, 10000, True, 0.7, 0.99, 1, A, 24, E
0.1, 10000, True, 0.7, 0.99, 1, V, 29, Y
0.1, 10000, True, 0.7, 0.99, 1, K, 31, R
0.1, 10000, True, 0.7, 0.99, 1, T, 44, S
0.1, 10000, True, 0.7, 0.99, 1, Q, 32, N
0.1, 10000, True, 0.7, 0.05, 2, E, 19, K
0.1, 10000, True, 0.7, 0.05, 2, A, 24, E
0.1, 10000, True, 0.7, 0.05, 2, V, 29, Y
0.1, 10000, True, 0.7, 0.05, 2, K, 31, R
0.1, 10000, True, 0.7, 0.05, 2, I, 6, V
0.1, 10000, True, 0.7, 0.05, 2, T, 44, S
0.1, 10000, True, 0.7, 0.05, 2, Q, 32, N
0.1, 10000, True, 0.7, 0.1, 2, E, 19, K
0.1, 10000, True, 0.7, 0.1, 2, A, 24, E
0.1, 10000, True, 0.7, 0.1, 2, V, 29, Y
0.1, 10000, True, 0.7, 0.1, 2, K, 31, R
0.1, 10000, True, 0.7, 0.1, 2, I, 6, V
0.1, 10000, True, 0.7, 0.1, 2, T, 44, S
0.1, 10000, True, 0.7, 0.1, 2, Q, 32, N
0.1, 10000, True, 0.7, 0.2, 2, E, 19, K
0.1, 10000, True, 0.7, 0.2, 2, A, 24, E
0.1, 10000, True, 0.7, 0.2, 2, V, 29, Y
0.1, 10000, True, 0.7, 0.2, 2, K, 31, R
0.1, 10000, True, 0.7, 0.2, 2, I, 6, V
0.1, 10000, True, 0.7, 0.2, 2, T, 44, S
0.1, 10000, True, 0.7, 0.2, 2, Q, 32, N
0.1, 10000, True, 0.7, 0.4, 2, E, 19, K
0.1, 10000, True, 0.7, 0.4, 2, A, 24, E
0.1, 10000, True, 0.7, 0.4, 2, V, 29, Y
0.1, 10000, True, 0.7, 0.4, 2, K, 31, R
0.1, 10000, True, 0.7, 0.4, 2, I, 6, V
0.1, 10000, True, 0.7, 0.4, 2, T, 44, S
0.1, 10000, True, 0.7, 0.6, 2, V, 29, Y
0.1, 10000, True, 0.7, 0.8, 2, V, 29, Y
0.1, 10000, True, 0.7, 0.9, 2, V, 29, Y
0.1, 10000, True, 0.7, 0.99, 2, V, 29, Y
0.1, 10000, True, 0.7, 0.05, 4, E, 19, K
0.1, 10000, True, 0.7, 0.05, 4, A, 24, E
0.1, 10000, True, 0.7, 0.05, 4, V, 29, Y
0.1, 10000, True, 0.7, 0.05, 4, K, 31, R
0.1, 10000, True, 0.7, 0.05, 4, I, 6, V
0.1, 10000, True, 0.7, 0.05, 4, T, 44, S
0.1, 10000, True, 0.7, 0.05, 4, Q, 32, N
0.1, 10000, True, 0.7, 0.1, 4, E, 19, K
0.1, 10000, True, 0.7, 0.1, 4, A, 24, E
0.1, 10000, True, 0.7, 0.1, 4, V, 29, Y
0.1, 10000, True, 0.7, 0.1, 4, K, 31, R
0.1, 10000, True, 0.7, 0.1, 4, I, 6, V
0.1, 10000, True, 0.7, 0.1, 4, T, 44, S
0.1, 10000, True, 0.7, 0.1, 4, Q, 32, N
0.1, 10000, True, 0.7, 0.2, 4, E, 19, K
0.1, 10000, True, 0.7, 0.2, 4, A, 24, E
0.1, 10000, True, 0.7, 0.2, 4, V, 29, Y
0.1, 10000, True, 0.7, 0.2, 4, K, 31, R
0.1, 10000, True, 0.7, 0.2, 4, I, 6, V
0.1, 10000, True, 0.7, 0.2, 4, T, 44, S
0.1, 10000, True, 0.7, 0.2, 4, Q, 32, N
0.1, 10000, True, 0.7, 0.4, 4, E, 19, K
0.1, 10000, True, 0.7, 0.4, 4, A, 24, E
0.1, 10000, True, 0.7, 0.4, 4, V, 29, Y
0.1, 10000, True, 0.7, 0.4, 4, K, 31, R
0.1, 10000, True, 0.7, 0.4, 4, I, 6, V
0.1, 10000, True, 0.7, 0.4, 4, T, 44, S
0.1, 10000, True, 0.7, 0.05, 8, E, 19, K
0.1, 10000, True, 0.7, 0.05, 8, A, 24, E
0.1, 10000, True, 0.7, 0.05, 8, V, 29, Y
0.1, 10000, True, 0.7, 0.05, 8, K, 31, R
0.1, 10000, True, 0.7, 0.05, 8, I, 6, V
0.1, 10000, True, 0.7, 0.05, 8, T, 44, S
0.1, 10000, True, 0.7, 0.05, 8, Q, 32, N
0.1, 10000, True, 0.7, 0.1, 8, E, 19, K
0.1, 10000, True, 0.7, 0.1, 8, A, 24, E
0.1, 10000, True, 0.7, 0.1, 8, V, 29, Y
0.1, 10000, True, 0.7, 0.1, 8, K, 31, R
0.1, 10000, True, 0.7, 0.1, 8, I, 6, V
0.1, 10000, True, 0.7, 0.1, 8, T, 44, S
0.1, 10000, True, 0.7, 0.1, 8, Q, 32, N
0.1, 10000, True, 0.7, 0.2, 8, E, 19, K
0.1, 10000, True, 0.7, 0.2, 8, A, 24, E
0.1, 10000, True, 0.7, 0.2, 8, V, 29, Y
0.1, 10000, True, 0.7, 0.2, 8, K, 31, R
0.1, 10000, True, 0.7, 0.2, 8, I, 6, V
0.1, 10000, True, 0.7, 0.2, 8, T, 44, S
0.1, 10000, True, 0.7, 0.2, 8, Q, 32, N
0.1, 10000, True, 0.7, 0.4, 8, E, 19, K
0.1, 10000, True, 0.7, 0.4, 8, A, 24, E
0.1, 10000, True, 0.7, 0.4, 8, V, 29, Y
0.1, 10000, True, 0.7, 0.4, 8, K, 31, R
0.1, 10000, True, 0.7, 0.4, 8, I, 6, V
0.1, 10000, True, 0.7, 0.4, 8, T, 44, S
0.1, 10000, True, 0.7, 0.05, 16, E, 19, K
0.1, 10000, True, 0.7, 0.05, 16, A, 24, E
0.1, 10000, True, 0.7, 0.05, 16, V, 29, Y
0.1, 10000, True, 0.7, 0.05, 16, K, 31, R
0.1, 10000, True, 0.7, 0.05, 16, I, 6, V
0.1, 10000, True, 0.7, 0.05, 16, T, 44, S
0.1, 10000, True, 0.7, 0.05, 16, Q, 32, N
0.1, 10000, True, 0.7, 0.1, 16, E, 19, K
0.1, 10000, True, 0.7, 0.1, 16, A, 24, E
0.1, 10000, True, 0.7, 0.1, 16, V, 29, Y
0.1, 10000, True, 0.7, 0.1, 16, K, 31, R
0.1, 10000, True, 0.7, 0.1, 16, I, 6, V
0.1, 10000, True, 0.7, 0.1, 16, T, 44, S
0.1, 10000, True, 0.7, 0.1, 16, Q, 32, N
0.1, 10000, True, 0.7, 0.2, 16, E, 19, K
0.1, 10000, True, 0.7, 0.2, 16, A, 24, E
0.1, 10000, True, 0.7, 0.2, 16, V, 29, Y
0.1, 10000, True, 0.7, 0.2, 16, K, 31, R
0.1, 10000, True, 0.7, 0.2, 16, I, 6, V
0.1, 10000, True, 0.7, 0.2, 16, T, 44, S
0.1, 10000, True, 0.7, 0.2, 16, Q, 32, N
0.1, 10000, True, 0.7, 0.4, 16, E, 19, K
0.1, 10000, True, 0.7, 0.4, 16, A, 24, E
0.1, 10000, True, 0.7, 0.4, 16, V, 29, Y
0.1, 10000, True, 0.7, 0.4, 16, K, 31, R
0.1, 10000, True, 0.7, 0.4, 16, I, 6, V
0.1, 10000, True, 0.7, 0.4, 16, T, 44, S
0.1, 10000, True, 0.7, 0.05, 32, E, 19, K
0.1, 10000, True, 0.7, 0.05, 32, A, 24, E
0.1, 10000, True, 0.7, 0.05, 32, V, 29, Y
0.1, 10000, True, 0.7, 0.05, 32, K, 31, R
0.1, 10000, True, 0.7, 0.05, 32, I, 6, V
0.1, 10000, True, 0.7, 0.05, 32, T, 44, S
0.1, 10000, True, 0.7, 0.05, 32, Q, 32, N
0.1, 10000, True, 0.7, 0.1, 32, E, 19, K
0.1, 10000, True, 0.7, 0.1, 32, A, 24, E
0.1, 10000, True, 0.7, 0.1, 32, V, 29, Y
0.1, 10000, True, 0.7, 0.1, 32, K, 31, R
0.1, 10000, True, 0.7, 0.1, 32, I, 6, V
0.1, 10000, True, 0.7, 0.1, 32, T, 44, S
0.1, 10000, True, 0.7, 0.1, 32, Q, 32, N
0.1, 10000, True, 0.7, 0.2, 32, E, 19, K
0.1, 10000, True, 0.7, 0.2, 32, A, 24, E
0.1, 10000, True, 0.7, 0.2, 32, V, 29, Y
0.1, 10000, True, 0.7, 0.2, 32, K, 31, R
0.1, 10000, True, 0.7, 0.2, 32, I, 6, V
0.1, 10000, True, 0.7, 0.2, 32, T, 44, S
0.1, 10000, True, 0.7, 0.2, 32, Q, 32, N
0.1, 10000, True, 0.7, 0.4, 32, E, 19, K
0.1, 10000, True, 0.7, 0.4, 32, A, 24, E
0.1, 10000, True, 0.7, 0.4, 32, V, 29, Y
0.1, 10000, True, 0.7, 0.4, 32, K, 31, R
0.1, 10000, True, 0.7, 0.4, 32, I, 6, V
0.1, 10000, True, 0.7, 0.4, 32, T, 44, S
0.1, 10000, True, 0.7, 0.05, 64, E, 19, K
0.1, 10000, True, 0.7, 0.05, 64, A, 24, E
0.1, 10000, True, 0.7, 0.05, 64, V, 29, Y
0.1, 10000, True, 0.7, 0.05, 64, K, 31, R
0.1, 10000, True, 0.7, 0.05, 64, I, 6, V
0.1, 10000, True, 0.7, 0.05, 64, T, 44, S
0.1, 10000, True, 0.7, 0.05, 64, Q, 32, N
0.1, 10000, True, 0.7, 0.1, 64, E, 19, K
0.1, 10000, True, 0.7, 0.1, 64, A, 24, E
0.1, 10000, True, 0.7, 0.1, 64, V, 29, Y
0.1, 10000, True, 0.7, 0.1, 64, K, 31, R
0.1, 10000, True, 0.7, 0.1, 64, I, 6, V
0.1, 10000, True, 0.7, 0.1, 64, T, 44, S
0.1, 10000, True, 0.7, 0.1, 64, Q, 32, N
0.1, 10000, True, 0.7, 0.2, 64, E, 19, K
0.1, 10000, True, 0.7, 0.2, 64, A, 24, E
0.1, 10000, True, 0.7, 0.2, 64, V, 29, Y
0.1, 10000, True, 0.7, 0.2, 64, K, 31, R
0.1, 10000, True, 0.7, 0.2, 64, I, 6, V
0.1, 10000, True, 0.7, 0.2, 64, T, 44, S
0.1, 10000, True, 0.7, 0.2, 64, Q, 32, N
0.1, 10000, True, 0.7, 0.4, 64, E, 19, K
0.1, 10000, True, 0.7, 0.4, 64, A, 24, E
0.1, 10000, True, 0.7, 0.4, 64, V, 29, Y
0.1, 10000, True, 0.7, 0.4, 64, K, 31, R
0.1, 10000, True, 0.7, 0.4, 64, I, 6, V
0.1, 10000, True, 0.7, 0.4, 64, T, 44, S
0.1, 10000, True, 0.7, 0.05, 100, E, 19, K
0.1, 10000, True, 0.7, 0.05, 100, A, 24, E
0.1, 10000, True, 0.7, 0.05, 100, V, 29, Y
0.1, 10000, True, 0.7, 0.05, 100, K, 31, R
0.1, 10000, True, 0.7, 0.05, 100, I, 6, V
0.1, 10000, True, 0.7, 0.05, 100, T, 44, S
0.1, 10000, True, 0.7, 0.05, 100, Q, 32, N
0.1, 10000, True, 0.7, 0.1, 100, E, 19, K
0.1, 10000, True, 0.7, 0.1, 100, A, 24, E
0.1, 10000, True, 0.7, 0.1, 100, V, 29, Y
0.1, 10000, True, 0.7, 0.1, 100, K, 31, R
0.1, 10000, True, 0.7, 0.1, 100, I, 6, V
0.1, 10000, True, 0.7, 0.1, 100, T, 44, S
0.1, 10000, True, 0.7, 0.1, 100, Q, 32, N
0.1, 10000, True, 0.7, 0.2, 100, E, 19, K
0.1, 10000, True, 0.7, 0.2, 100, A, 24, E
0.1, 10000, True, 0.7, 0.2, 100, V, 29, Y
0.1, 10000, True, 0.7, 0.2, 100, K, 31, R
0.1, 10000, True, 0.7, 0.2, 100, I, 6, V
0.1, 10000, True, 0.7, 0.2, 100, T, 44, S
0.1, 10000, True, 0.7, 0.2, 100, Q, 32, N
0.1, 10000, True, 0.7, 0.4, 100, E, 19, K
0.1, 10000, True, 0.7, 0.4, 100, A, 24, E
0.1, 10000, True, 0.7, 0.4, 100, V, 29, Y
0.1, 10000, True, 0.7, 0.4, 100, K, 31, R
0.1, 10000, True, 0.7, 0.4, 100, I, 6, V
0.1, 10000, True, 0.7, 0.4, 100, T, 44, S
0.0001, 10000, False, 0.7, 0.05, 1, E, 19, K
0.0001, 10000, False, 0.7, 0.05, 1, V, 29, Y
0.0001, 10000, False, 0.7, 0.1, 1, E, 19, K
0.0001, 10000, False, 0.7, 0.1, 1, V, 29, Y
0.0001, 10000, False, 0.7, 0.2, 1, E, 19, K
0.0001, 10000, False, 0.7, 0.2, 1, V, 29, Y
0.0001, 10000, False, 0.7, 0.4, 1, E, 19, K
0.0001, 10000, False, 0.7, 0.4, 1, V, 29, Y
0.0001, 10000, False, 0.7, 0.6, 1, V, 29, Y
0.0001, 10000, False, 0.7, 0.8, 1, V, 29, Y
0.0001, 10000, False, 0.7, 0.9, 1, V, 29, Y
0.0001, 10000, False, 0.7, 0.99, 1, V, 29, Y
0.0001, 10000, False, 0.7, 0.05, 2, E, 19, K
0.0001, 10000, False, 0.7, 0.05, 2, V, 29, Y
0.0001, 10000, False, 0.7, 0.1, 2, E, 19, K
0.0001, 10000, False, 0.7, 0.1, 2, V, 29, Y
0.0001, 10000, False, 0.7, 0.2, 2, E, 19, K
0.0001, 10000, False, 0.7, 0.2, 2, V, 29, Y
0.0001, 10000, False, 0.7, 0.4, 2, E, 19, K
0.0001, 10000, False, 0.7, 0.05, 4, E, 19, K
0.0001, 10000, False, 0.7, 0.05, 4, V, 29, Y
0.0001, 10000, False, 0.7, 0.1, 4, E, 19, K
0.0001, 10000, False, 0.7, 0.1, 4, V, 29, Y
0.0001, 10000, False, 0.7, 0.2, 4, E, 19, K
0.0001, 10000, False, 0.7, 0.2, 4, V, 29, Y
0.0001, 10000, False, 0.7, 0.4, 4, E, 19, K
0.0001, 10000, False, 0.7, 0.05, 8, E, 19, K
0.0001, 10000, False, 0.7, 0.05, 8, V, 29, Y
0.0001, 10000, False, 0.7, 0.1, 8, E, 19, K
0.0001, 10000, False, 0.7, 0.1, 8, V, 29, Y
0.0001, 10000, False, 0.7, 0.2, 8, E, 19, K
0.0001, 10000, False, 0.7, 0.2, 8, V, 29, Y
0.0001, 10000, False, 0.7, 0.4, 8, E, 19, K
0.0001, 10000, False, 0.7, 0.05, 16, E, 19, K
0.0001, 10000, False, 0.7, 0.05, 16, V, 29, Y
0.0001, 10000, False, 0.7, 0.1, 16, E, 19, K
0.0001, 10000, False, 0.7, 0.1, 16, V, 29, Y
0.0001, 10000, False, 0.7, 0.2, 16, E, 19, K
0.0001, 10000, False, 0.7, 0.2, 16, V, 29, Y
0.0001, 10000, False, 0.7, 0.4, 16, E, 19, K
0.0001, 10000, False, 0.7, 0.05, 32, E, 19, K
0.0001, 10000, False, 0.7, 0.05, 32, V, 29, Y
0.0001, 10000, False, 0.7, 0.1, 32, E, 19, K
0.0001, 10000, False, 0.7, 0.1, 32, V, 29, Y
0.0001, 10000, False, 0.7, 0.2, 32, E, 19, K
0.0001, 10000, False, 0.7, 0.2, 32, V, 29, Y
0.0001, 10000, False, 0.7, 0.4, 32, E, 19, K
0.0001, 10000, False, 0.7, 0.05, 64, E, 19, K
0.0001, 10000, False, 0.7, 0.05, 64, V, 29, Y
0.0001, 10000, False, 0.7, 0.1, 64, E, 19, K
0.0001, 10000, False, 0.7, 0.1, 64, V, 29, Y
0.0001, 10000, False, 0.7, 0.2, 64, E, 19, K
0.0001, 10000, False, 0.7, 0.2, 64, V, 29, Y
0.0001, 10000, False, 0.7, 0.4, 64, E, 19, K
0.0001, 10000, False, 0.7, 0.05, 100, E, 19, K
0.0001, 10000, False, 0.7, 0.05, 100, V, 29, Y
0.0001, 10000, False, 0.7, 0.1, 100, E, 19, K
0.0001, 10000, False, 0.7, 0.1, 100, V, 29, Y
0.0001, 10000, False, 0.7, 0.2, 100, E, 19, K
0.0001, 10000, False, 0.7, 0.2, 100, V, 29, Y
0.0001, 10000, False, 0.7, 0.4, 100, E, 19, K
0.0001, 10000, True, 0.7, 0.05, 1, E, 19, K
0.0001, 10000, True, 0.7, 0.05, 1, V, 29, Y
0.0001, 10000, True, 0.7, 0.1, 1, E, 19, K
0.0001, 10000, True, 0.7, 0.1, 1, V, 29, Y
0.0001, 10000, True, 0.7, 0.2, 1, E, 19, K
0.0001, 10000, True, 0.7, 0.2, 1, V, 29, Y
0.0001, 10000, True, 0.7, 0.4, 1, E, 19, K
0.0001, 10000, True, 0.7, 0.4, 1, V, 29, Y
0.0001, 10000, True, 0.7, 0.6, 1, V, 29, Y
0.0001, 10000, True, 0.7, 0.8, 1, V, 29, Y
0.0001, 10000, True, 0.7, 0.9, 1, V, 29, Y
0.0001, 10000, True, 0.7, 0.99, 1, V, 29, Y
0.0001, 10000, True, 0.7, 0.05, 2, E, 19, K
0.0001, 10000, True, 0.7, 0.05, 2, V, 29, Y
0.0001, 10000, True, 0.7, 0.1, 2, E, 19, K
0.0001, 10000, True, 0.7, 0.1, 2, V, 29, Y
0.0001, 10000, True, 0.7, 0.2, 2, E, 19, K
0.0001, 10000, True, 0.7, 0.2, 2, V, 29, Y
0.0001, 10000, True, 0.7, 0.4, 2, E, 19, K
0.0001, 10000, True, 0.7, 0.05, 4, E, 19, K
0.0001, 10000, True, 0.7, 0.05, 4, V, 29, Y
0.0001, 10000, True, 0.7, 0.1, 4, E, 19, K
0.0001, 10000, True, 0.7, 0.1, 4, V, 29, Y
0.0001, 10000, True, 0.7, 0.2, 4, E, 19, K
0.0001, 10000, True, 0.7, 0.2, 4, V, 29, Y
0.0001, 10000, True, 0.7, 0.4, 4, E, 19, K
0.0001, 10000, True, 0.7, 0.05, 8, E, 19, K
0.0001, 10000, True, 0.7, 0.05, 8, V, 29, Y
0.0001, 10000, True, 0.7, 0.1, 8, E, 19, K
0.0001, 10000, True, 0.7, 0.1, 8, V, 29, Y
0.0001, 10000, True, 0.7, 0.2, 8, E, 19, K
0.0001, 10000, True, 0.7, 0.2, 8, V, 29, Y
0.0001, 10000, True, 0.7, 0.4, 8, E, 19, K
0.0001, 10000, True, 0.7, 0.05, 16, E, 19, K
0.0001, 10000, True, 0.7, 0.05, 16, V, 29, Y
0.0001, 10000, True, 0.7, 0.1, 16, E, 19, K
0.0001, 10000, True, 0.7, 0.1, 16, V, 29, Y
0.0001, 10000, True, 0.7, 0.2, 16, E, 19, K
0.0001, 10000, True, 0.7, 0.2, 16, V, 29, Y
0.0001, 10000, True, 0.7, 0.4, 16, E, 19, K
0.0001, 10000, True, 0.7, 0.05, 32, E, 19, K
0.0001, 10000, True, 0.7, 0.05, 32, V, 29, Y
0.0001, 10000, True, 0.7, 0.1, 32, E, 19, K
0.0001, 10000, True, 0.7, 0.1, 32, V, 29, Y
0.0001, 10000, True, 0.7, 0.2, 32, E, 19, K
0.0001, 10000, True, 0.7, 0.2, 32, V, 29, Y
0.0001, 10000, True, 0.7, 0.4, 32, E, 19, K
0.0001, 10000, True, 0.7, 0.05, 64, E, 19, K
0.0001, 10000, True, 0.7, 0.05, 64, V, 29, Y
0.0001, 10000, True, 0.7, 0.1, 64, E, 19, K
0.0001, 10000, True, 0.7, 0.1, 64, V, 29, Y
0.0001, 10000, True, 0.7, 0.2, 64, E, 19, K
0.0001, 10000, True, 0.7, 0.2, 64, V, 29, Y
0.0001, 10000, True, 0.7, 0.4, 64, E, 19, K
0.0001, 10000, True, 0.7, 0.05, 100, E, 19, K
0.0001, 10000, True, 0.7, 0.05, 100, V, 29, Y
0.0001, 10000, True, 0.7, 0.1, 100, E, 19, K
0.0001, 10000, True, 0.7, 0.1, 100, V, 29, Y
0.0001, 10000, True, 0.7, 0.2, 100, E, 19, K
0.0001, 10000, True, 0.7, 0.2, 100, V, 29, Y
0.0001, 10000, True, 0.7, 0.4, 100, E, 19, K
1e-07, 10000, False, 0.7, 0.05, 1, I, 6, V
1e-07, 10000, False, 0.7, 0.05, 1, N, 8, K
1e-07, 10000, False, 0.7, 0.05, 1, E, 19, K
1e-07, 10000, False, 0.7, 0.05, 1, E, 42, V
1e-07, 10000, False, 0.7, 0.05, 1, V, 29, A
1e-07, 10000, False, 0.7, 0.1, 1, I, 6, V
1e-07, 10000, False, 0.7, 0.1, 1, N, 8, K
1e-07, 10000, False, 0.7, 0.1, 1, E, 19, K
1e-07, 10000, False, 0.7, 0.1, 1, E, 42, V
1e-07, 10000, False, 0.7, 0.1, 1, V, 29, A
1e-07, 10000, False, 0.7, 0.2, 1, I, 6, V
1e-07, 10000, False, 0.7, 0.2, 1, N, 8, K
1e-07, 10000, False, 0.7, 0.2, 1, E, 19, K
1e-07, 10000, False, 0.7, 0.2, 1, E, 42, V
1e-07, 10000, False, 0.7, 0.2, 1, V, 29, A
1e-07, 10000, False, 0.7, 0.4, 1, I, 6, V
1e-07, 10000, False, 0.7, 0.4, 1, N, 8, K
1e-07, 10000, False, 0.7, 0.4, 1, E, 19, K
1e-07, 10000, False, 0.7, 0.4, 1, E, 42, V
1e-07, 10000, False, 0.7, 0.05, 2, I, 6, V
1e-07, 10000, False, 0.7, 0.05, 2, N, 8, K
1e-07, 10000, False, 0.7, 0.05, 2, E, 19, K
1e-07, 10000, False, 0.7, 0.05, 2, E, 42, V
1e-07, 10000, False, 0.7, 0.05, 2, V, 29, A
1e-07, 10000, False, 0.7, 0.1, 2, I, 6, V
1e-07, 10000, False, 0.7, 0.1, 2, N, 8, K
1e-07, 10000, False, 0.7, 0.1, 2, E, 19, K
1e-07, 10000, False, 0.7, 0.1, 2, E, 42, V
1e-07, 10000, False, 0.7, 0.1, 2, V, 29, A
1e-07, 10000, False, 0.7, 0.2, 2, I, 6, V
1e-07, 10000, False, 0.7, 0.2, 2, N, 8, K
1e-07, 10000, False, 0.7, 0.2, 2, E, 19, K
1e-07, 10000, False, 0.7, 0.2, 2, E, 42, V
1e-07, 10000, False, 0.7, 0.2, 2, V, 29, A
1e-07, 10000, False, 0.7, 0.4, 2, I, 6, V
1e-07, 10000, False, 0.7, 0.4, 2, N, 8, K
1e-07, 10000, False, 0.7, 0.4, 2, E, 19, K
1e-07, 10000, False, 0.7, 0.4, 2, E, 42, V
1e-07, 10000, False, 0.7, 0.05, 4, I, 6, V
1e-07, 10000, False, 0.7, 0.05, 4, N, 8, K
1e-07, 10000, False, 0.7, 0.05, 4, E, 19, K
1e-07, 10000, False, 0.7, 0.05, 4, E, 42, V
1e-07, 10000, False, 0.7, 0.05, 4, V, 29, A
1e-07, 10000, False, 0.7, 0.1, 4, I, 6, V
1e-07, 10000, False, 0.7, 0.1, 4, N, 8, K
1e-07, 10000, False, 0.7, 0.1, 4, E, 19, K
1e-07, 10000, False, 0.7, 0.1, 4, E, 42, V
1e-07, 10000, False, 0.7, 0.1, 4, V, 29, A
1e-07, 10000, False, 0.7, 0.2, 4, I, 6, V
1e-07, 10000, False, 0.7, 0.2, 4, N, 8, K
1e-07, 10000, False, 0.7, 0.2, 4, E, 19, K
1e-07, 10000, False, 0.7, 0.2, 4, E, 42, V
1e-07, 10000, False, 0.7, 0.2, 4, V, 29, A
1e-07, 10000, False, 0.7, 0.4, 4, I, 6, V
1e-07, 10000, False, 0.7, 0.4, 4, N, 8, K
1e-07, 10000, False, 0.7, 0.4, 4, E, 19, K
1e-07, 10000, False, 0.7, 0.4, 4, E, 42, V
1e-07, 10000, False, 0.7, 0.05, 8, I, 6, V
1e-07, 10000, False, 0.7, 0.05, 8, N, 8, K
1e-07, 10000, False, 0.7, 0.05, 8, E, 19, K
1e-07, 10000, False, 0.7, 0.05, 8, E, 42, V
1e-07, 10000, False, 0.7, 0.05, 8, V, 29, A
1e-07, 10000, False, 0.7, 0.1, 8, I, 6, V
1e-07, 10000, False, 0.7, 0.1, 8, N, 8, K
1e-07, 10000, False, 0.7, 0.1, 8, E, 19, K
1e-07, 10000, False, 0.7, 0.1, 8, E, 42, V
1e-07, 10000, False, 0.7, 0.1, 8, V, 29, A
1e-07, 10000, False, 0.7, 0.2, 8, I, 6, V
1e-07, 10000, False, 0.7, 0.2, 8, N, 8, K
1e-07, 10000, False, 0.7, 0.2, 8, E, 19, K
1e-07, 10000, False, 0.7, 0.2, 8, E, 42, V
1e-07, 10000, False, 0.7, 0.2, 8, V, 29, A
1e-07, 10000, False, 0.7, 0.4, 8, I, 6, V
1e-07, 10000, False, 0.7, 0.4, 8, N, 8, K
1e-07, 10000, False, 0.7, 0.4, 8, E, 19, K
1e-07, 10000, False, 0.7, 0.4, 8, E, 42, V
1e-07, 10000, False, 0.7, 0.05, 16, I, 6, V
1e-07, 10000, False, 0.7, 0.05, 16, N, 8, K
1e-07, 10000, False, 0.7, 0.05, 16, E, 19, K
1e-07, 10000, False, 0.7, 0.05, 16, E, 42, V
1e-07, 10000, False, 0.7, 0.05, 16, V, 29, A
1e-07, 10000, False, 0.7, 0.1, 16, I, 6, V
1e-07, 10000, False, 0.7, 0.1, 16, N, 8, K
1e-07, 10000, False, 0.7, 0.1, 16, E, 19, K
1e-07, 10000, False, 0.7, 0.1, 16, E, 42, V
1e-07, 10000, False, 0.7, 0.1, 16, V, 29, A
1e-07, 10000, False, 0.7, 0.2, 16, I, 6, V
1e-07, 10000, False, 0.7, 0.2, 16, N, 8, K
1e-07, 10000, False, 0.7, 0.2, 16, E, 19, K
1e-07, 10000, False, 0.7, 0.2, 16, E, 42, V
1e-07, 10000, False, 0.7, 0.2, 16, V, 29, A
1e-07, 10000, False, 0.7, 0.4, 16, I, 6, V
1e-07, 10000, False, 0.7, 0.4, 16, N, 8, K
1e-07, 10000, False, 0.7, 0.4, 16, E, 19, K
1e-07, 10000, False, 0.7, 0.4, 16, E, 42, V
1e-07, 10000, False, 0.7, 0.05, 32, I, 6, V
1e-07, 10000, False, 0.7, 0.05, 32, N, 8, K
1e-07, 10000, False, 0.7, 0.05, 32, E, 19, K
1e-07, 10000, False, 0.7, 0.05, 32, E, 42, V
1e-07, 10000, False, 0.7, 0.05, 32, V, 29, A
1e-07, 10000, False, 0.7, 0.1, 32, I, 6, V
1e-07, 10000, False, 0.7, 0.1, 32, N, 8, K
1e-07, 10000, False, 0.7, 0.1, 32, E, 19, K
1e-07, 10000, False, 0.7, 0.1, 32, E, 42, V
1e-07, 10000, False, 0.7, 0.1, 32, V, 29, A
1e-07, 10000, False, 0.7, 0.2, 32, I, 6, V
1e-07, 10000, False, 0.7, 0.2, 32, N, 8, K
1e-07, 10000, False, 0.7, 0.2, 32, E, 19, K
1e-07, 10000, False, 0.7, 0.2, 32, E, 42, V
1e-07, 10000, False, 0.7, 0.2, 32, V, 29, A
1e-07, 10000, False, 0.7, 0.4, 32, I, 6, V
1e-07, 10000, False, 0.7, 0.4, 32, N, 8, K
1e-07, 10000, False, 0.7, 0.4, 32, E, 19, K
1e-07, 10000, False, 0.7, 0.4, 32, E, 42, V
1e-07, 10000, False, 0.7, 0.05, 64, I, 6, V
1e-07, 10000, False, 0.7, 0.05, 64, N, 8, K
1e-07, 10000, False, 0.7, 0.05, 64, E, 19, K
1e-07, 10000, False, 0.7, 0.05, 64, E, 42, V
1e-07, 10000, False, 0.7, 0.05, 64, V, 29, A
1e-07, 10000, False, 0.7, 0.1, 64, I, 6, V
1e-07, 10000, False, 0.7, 0.1, 64, N, 8, K
1e-07, 10000, False, 0.7, 0.1, 64, E, 19, K
1e-07, 10000, False, 0.7, 0.1, 64, E, 42, V
1e-07, 10000, False, 0.7, 0.1, 64, V, 29, A
1e-07, 10000, False, 0.7, 0.2, 64, I, 6, V
1e-07, 10000, False, 0.7, 0.2, 64, N, 8, K
1e-07, 10000, False, 0.7, 0.2, 64, E, 19, K
1e-07, 10000, False, 0.7, 0.2, 64, E, 42, V
1e-07, 10000, False, 0.7, 0.2, 64, V, 29, A
1e-07, 10000, False, 0.7, 0.4, 64, I, 6, V
1e-07, 10000, False, 0.7, 0.4, 64, N, 8, K
1e-07, 10000, False, 0.7, 0.4, 64, E, 19, K
1e-07, 10000, False, 0.7, 0.4, 64, E, 42, V
1e-07, 10000, False, 0.7, 0.05, 100, I, 6, V
1e-07, 10000, False, 0.7, 0.05, 100, N, 8, K
1e-07, 10000, False, 0.7, 0.05, 100, E, 19, K
1e-07, 10000, False, 0.7, 0.05, 100, E, 42, V
1e-07, 10000, False, 0.7, 0.05, 100, V, 29, A
1e-07, 10000, False, 0.7, 0.1, 100, I, 6, V
1e-07, 10000, False, 0.7, 0.1, 100, N, 8, K
1e-07, 10000, False, 0.7, 0.1, 100, E, 19, K
1e-07, 10000, False, 0.7, 0.1, 100, E, 42, V
1e-07, 10000, False, 0.7, 0.1, 100, V, 29, A
1e-07, 10000, False, 0.7, 0.2, 100, I, 6, V
1e-07, 10000, False, 0.7, 0.2, 100, N, 8, K
1e-07, 10000, False, 0.7, 0.2, 100, E, 19, K
1e-07, 10000, False, 0.7, 0.2, 100, E, 42, V
1e-07, 10000, False, 0.7, 0.2, 100, V, 29, A
1e-07, 10000, False, 0.7, 0.4, 100, I, 6, V
1e-07, 10000, False, 0.7, 0.4, 100, N, 8, K
1e-07, 10000, False, 0.7, 0.4, 100, E, 19, K
1e-07, 10000, False, 0.7, 0.4, 100, E, 42, V
1e-07, 10000, True, 0.7, 0.05, 1, I, 6, V
1e-07, 10000, True, 0.7, 0.05, 1, N, 8, K
1e-07, 10000, True, 0.7, 0.05, 1, E, 19, K
1e-07, 10000, True, 0.7, 0.05, 1, E, 42, V
1e-07, 10000, True, 0.7, 0.05, 1, V, 29, A
1e-07, 10000, True, 0.7, 0.1, 1, I, 6, V
1e-07, 10000, True, 0.7, 0.1, 1, N, 8, K
1e-07, 10000, True, 0.7, 0.1, 1, E, 19, K
1e-07, 10000, True, 0.7, 0.1, 1, E, 42, V
1e-07, 10000, True, 0.7, 0.1, 1, V, 29, A
1e-07, 10000, True, 0.7, 0.2, 1, I, 6, V
1e-07, 10000, True, 0.7, 0.2, 1, N, 8, K
1e-07, 10000, True, 0.7, 0.2, 1, E, 19, K
1e-07, 10000, True, 0.7, 0.2, 1, E, 42, V
1e-07, 10000, True, 0.7, 0.2, 1, V, 29, A
1e-07, 10000, True, 0.7, 0.4, 1, I, 6, V
1e-07, 10000, True, 0.7, 0.4, 1, N, 8, K
1e-07, 10000, True, 0.7, 0.4, 1, E, 19, K
1e-07, 10000, True, 0.7, 0.4, 1, E, 42, V
1e-07, 10000, True, 0.7, 0.05, 2, I, 6, V
1e-07, 10000, True, 0.7, 0.05, 2, N, 8, K
1e-07, 10000, True, 0.7, 0.05, 2, E, 19, K
1e-07, 10000, True, 0.7, 0.05, 2, E, 42, V
1e-07, 10000, True, 0.7, 0.05, 2, V, 29, A
1e-07, 10000, True, 0.7, 0.1, 2, I, 6, V
1e-07, 10000, True, 0.7, 0.1, 2, N, 8, K
1e-07, 10000, True, 0.7, 0.1, 2, E, 19, K
1e-07, 10000, True, 0.7, 0.1, 2, E, 42, V
1e-07, 10000, True, 0.7, 0.1, 2, V, 29, A
1e-07, 10000, True, 0.7, 0.2, 2, I, 6, V
1e-07, 10000, True, 0.7, 0.2, 2, N, 8, K
1e-07, 10000, True, 0.7, 0.2, 2, E, 19, K
1e-07, 10000, True, 0.7, 0.2, 2, E, 42, V
1e-07, 10000, True, 0.7, 0.2, 2, V, 29, A
1e-07, 10000, True, 0.7, 0.4, 2, I, 6, V
1e-07, 10000, True, 0.7, 0.4, 2, N, 8, K
1e-07, 10000, True, 0.7, 0.4, 2, E, 19, K
1e-07, 10000, True, 0.7, 0.4, 2, E, 42, V
1e-07, 10000, True, 0.7, 0.05, 4, I, 6, V
1e-07, 10000, True, 0.7, 0.05, 4, N, 8, K
1e-07, 10000, True, 0.7, 0.05, 4, E, 19, K
1e-07, 10000, True, 0.7, 0.05, 4, E, 42, V
1e-07, 10000, True, 0.7, 0.05, 4, V, 29, A
1e-07, 10000, True, 0.7, 0.1, 4, I, 6, V
1e-07, 10000, True, 0.7, 0.1, 4, N, 8, K
1e-07, 10000, True, 0.7, 0.1, 4, E, 19, K
1e-07, 10000, True, 0.7, 0.1, 4, E, 42, V
1e-07, 10000, True, 0.7, 0.1, 4, V, 29, A
1e-07, 10000, True, 0.7, 0.2, 4, I, 6, V
1e-07, 10000, True, 0.7, 0.2, 4, N, 8, K
1e-07, 10000, True, 0.7, 0.2, 4, E, 19, K
1e-07, 10000, True, 0.7, 0.2, 4, E, 42, V
1e-07, 10000, True, 0.7, 0.2, 4, V, 29, A
1e-07, 10000, True, 0.7, 0.4, 4, I, 6, V
1e-07, 10000, True, 0.7, 0.4, 4, N, 8, K
1e-07, 10000, True, 0.7, 0.4, 4, E, 19, K
1e-07, 10000, True, 0.7, 0.4, 4, E, 42, V
1e-07, 10000, True, 0.7, 0.05, 8, I, 6, V
1e-07, 10000, True, 0.7, 0.05, 8, N, 8, K
1e-07, 10000, True, 0.7, 0.05, 8, E, 19, K
1e-07, 10000, True, 0.7, 0.05, 8, E, 42, V
1e-07, 10000, True, 0.7, 0.05, 8, V, 29, A
1e-07, 10000, True, 0.7, 0.1, 8, I, 6, V
1e-07, 10000, True, 0.7, 0.1, 8, N, 8, K
1e-07, 10000, True, 0.7, 0.1, 8, E, 19, K
1e-07, 10000, True, 0.7, 0.1, 8, E, 42, V
1e-07, 10000, True, 0.7, 0.1, 8, V, 29, A
1e-07, 10000, True, 0.7, 0.2, 8, I, 6, V
1e-07, 10000, True, 0.7, 0.2, 8, N, 8, K
1e-07, 10000, True, 0.7, 0.2, 8, E, 19, K
1e-07, 10000, True, 0.7, 0.2, 8, E, 42, V
1e-07, 10000, True, 0.7, 0.2, 8, V, 29, A
1e-07, 10000, True, 0.7, 0.4, 8, I, 6, V
1e-07, 10000, True, 0.7, 0.4, 8, N, 8, K
1e-07, 10000, True, 0.7, 0.4, 8, E, 19, K
1e-07, 10000, True, 0.7, 0.4, 8, E, 42, V
1e-07, 10000, True, 0.7, 0.05, 16, I, 6, V
1e-07, 10000, True, 0.7, 0.05, 16, N, 8, K
1e-07, 10000, True, 0.7, 0.05, 16, E, 19, K
1e-07, 10000, True, 0.7, 0.05, 16, E, 42, V
1e-07, 10000, True, 0.7, 0.05, 16, V, 29, A
1e-07, 10000, True, 0.7, 0.1, 16, I, 6, V
1e-07, 10000, True, 0.7, 0.1, 16, N, 8, K
1e-07, 10000, True, 0.7, 0.1, 16, E, 19, K
1e-07, 10000, True, 0.7, 0.1, 16, E, 42, V
1e-07, 10000, True, 0.7, 0.1, 16, V, 29, A
1e-07, 10000, True, 0.7, 0.2, 16, I, 6, V
1e-07, 10000, True, 0.7, 0.2, 16, N, 8, K
1e-07, 10000, True, 0.7, 0.2, 16, E, 19, K
1e-07, 10000, True, 0.7, 0.2, 16, E, 42, V
1e-07, 10000, True, 0.7, 0.2, 16, V, 29, A
1e-07, 10000, True, 0.7, 0.4, 16, I, 6, V
1e-07, 10000, True, 0.7, 0.4, 16, N, 8, K
1e-07, 10000, True, 0.7, 0.4, 16, E, 19, K
1e-07, 10000, True, 0.7, 0.4, 16, E, 42, V
1e-07, 10000, True, 0.7, 0.05, 32, I, 6, V
1e-07, 10000, True, 0.7, 0.05, 32, N, 8, K
1e-07, 10000, True, 0.7, 0.05, 32, E, 19, K
1e-07, 10000, True, 0.7, 0.05, 32, E, 42, V
1e-07, 10000, True, 0.7, 0.05, 32, V, 29, A
1e-07, 10000, True, 0.7, 0.1, 32, I, 6, V
1e-07, 10000, True, 0.7, 0.1, 32, N, 8, K
1e-07, 10000, True, 0.7, 0.1, 32, E, 19, K
1e-07, 10000, True, 0.7, 0.1, 32, E, 42, V
1e-07, 10000, True, 0.7, 0.1, 32, V, 29, A
1e-07, 10000, True, 0.7, 0.2, 32, I, 6, V
1e-07, 10000, True, 0.7, 0.2, 32, N, 8, K
1e-07, 10000, True, 0.7, 0.2, 32, E, 19, K
1e-07, 10000, True, 0.7, 0.2, 32, E, 42, V
1e-07, 10000, True, 0.7, 0.2, 32, V, 29, A
1e-07, 10000, True, 0.7, 0.4, 32, I, 6, V
1e-07, 10000, True, 0.7, 0.4, 32, N, 8, K
1e-07, 10000, True, 0.7, 0.4, 32, E, 19, K
1e-07, 10000, True, 0.7, 0.4, 32, E, 42, V
1e-07, 10000, True, 0.7, 0.05, 64, I, 6, V
1e-07, 10000, True, 0.7, 0.05, 64, N, 8, K
1e-07, 10000, True, 0.7, 0.05, 64, E, 19, K
1e-07, 10000, True, 0.7, 0.05, 64, E, 42, V
1e-07, 10000, True, 0.7, 0.05, 64, V, 29, A
1e-07, 10000, True, 0.7, 0.1, 64, I, 6, V
1e-07, 10000, True, 0.7, 0.1, 64, N, 8, K
1e-07, 10000, True, 0.7, 0.1, 64, E, 19, K
1e-07, 10000, True, 0.7, 0.1, 64, E, 42, V
1e-07, 10000, True, 0.7, 0.1, 64, V, 29, A
1e-07, 10000, True, 0.7, 0.2, 64, I, 6, V
1e-07, 10000, True, 0.7, 0.2, 64, N, 8, K
1e-07, 10000, True, 0.7, 0.2, 64, E, 19, K
1e-07, 10000, True, 0.7, 0.2, 64, E, 42, V
1e-07, 10000, True, 0.7, 0.2, 64, V, 29, A
1e-07, 10000, True, 0.7, 0.4, 64, I, 6, V
1e-07, 10000, True, 0.7, 0.4, 64, N, 8, K
1e-07, 10000, True, 0.7, 0.4, 64, E, 19, K
1e-07, 10000, True, 0.7, 0.4, 64, E, 42, V
1e-07, 10000, True, 0.7, 0.05, 100, I, 6, V
1e-07, 10000, True, 0.7, 0.05, 100, N, 8, K
1e-07, 10000, True, 0.7, 0.05, 100, E, 19, K
1e-07, 10000, True, 0.7, 0.05, 100, E, 42, V
1e-07, 10000, True, 0.7, 0.05, 100, V, 29, A
1e-07, 10000, True, 0.7, 0.1, 100, I, 6, V
1e-07, 10000, True, 0.7, 0.1, 100, N, 8, K
1e-07, 10000, True, 0.7, 0.1, 100, E, 19, K
1e-07, 10000, True, 0.7, 0.1, 100, E, 42, V
1e-07, 10000, True, 0.7, 0.1, 100, V, 29, A
1e-07, 10000, True, 0.7, 0.2, 100, I, 6, V
1e-07, 10000, True, 0.7, 0.2, 100, N, 8, K
1e-07, 10000, True, 0.7, 0.2, 100, E, 19, K
1e-07, 10000, True, 0.7, 0.2, 100, E, 42, V
1e-07, 10000, True, 0.7, 0.2, 100, V, 29, A
1e-07, 10000, True, 0.7, 0.4, 100, I, 6, V
1e-07, 10000, True, 0.7, 0.4, 100, N, 8, K
1e-07, 10000, True, 0.7, 0.4, 100, E, 19, K
1e-07, 10000, True, 0.7, 0.4, 100, E, 42, V
1e-10, 10000, False, 0.7, 0.05, 1, Q, 32, L
1e-10, 10000, False, 0.7, 0.05, 1, D, 36, K
1e-10, 10000, False, 0.7, 0.1, 1, Q, 32, L
1e-10, 10000, False, 0.7, 0.1, 1, D, 36, K
1e-10, 10000, False, 0.7, 0.2, 1, Q, 32, L
1e-10, 10000, False, 0.7, 0.2, 1, D, 36, K
1e-10, 10000, False, 0.7, 0.05, 2, Q, 32, L
1e-10, 10000, False, 0.7, 0.05, 2, D, 36, K
1e-10, 10000, False, 0.7, 0.1, 2, Q, 32, L
1e-10, 10000, False, 0.7, 0.1, 2, D, 36, K
1e-10, 10000, False, 0.7, 0.2, 2, Q, 32, L
1e-10, 10000, False, 0.7, 0.2, 2, D, 36, K
1e-10, 10000, False, 0.7, 0.05, 4, Q, 32, L
1e-10, 10000, False, 0.7, 0.05, 4, D, 36, K
1e-10, 10000, False, 0.7, 0.1, 4, Q, 32, L
1e-10, 10000, False, 0.7, 0.1, 4, D, 36, K
1e-10, 10000, False, 0.7, 0.2, 4, Q, 32, L
1e-10, 10000, False, 0.7, 0.2, 4, D, 36, K
1e-10, 10000, False, 0.7, 0.05, 8, Q, 32, L
1e-10, 10000, False, 0.7, 0.05, 8, D, 36, K
1e-10, 10000, False, 0.7, 0.1, 8, Q, 32, L
1e-10, 10000, False, 0.7, 0.1, 8, D, 36, K
1e-10, 10000, False, 0.7, 0.2, 8, Q, 32, L
1e-10, 10000, False, 0.7, 0.2, 8, D, 36, K
1e-10, 10000, False, 0.7, 0.05, 16, Q, 32, L
1e-10, 10000, False, 0.7, 0.05, 16, D, 36, K
1e-10, 10000, False, 0.7, 0.1, 16, Q, 32, L
1e-10, 10000, False, 0.7, 0.1, 16, D, 36, K
1e-10, 10000, False, 0.7, 0.2, 16, Q, 32, L
1e-10, 10000, False, 0.7, 0.2, 16, D, 36, K
1e-10, 10000, False, 0.7, 0.05, 32, Q, 32, L
1e-10, 10000, False, 0.7, 0.05, 32, D, 36, K
1e-10, 10000, False, 0.7, 0.1, 32, Q, 32, L
1e-10, 10000, False, 0.7, 0.1, 32, D, 36, K
1e-10, 10000, False, 0.7, 0.2, 32, Q, 32, L
1e-10, 10000, False, 0.7, 0.2, 32, D, 36, K
1e-10, 10000, False, 0.7, 0.05, 64, Q, 32, L
1e-10, 10000, False, 0.7, 0.05, 64, D, 36, K
1e-10, 10000, False, 0.7, 0.1, 64, Q, 32, L
1e-10, 10000, False, 0.7, 0.1, 64, D, 36, K
1e-10, 10000, False, 0.7, 0.2, 64, Q, 32, L
1e-10, 10000, False, 0.7, 0.2, 64, D, 36, K
1e-10, 10000, False, 0.7, 0.05, 100, Q, 32, L
1e-10, 10000, False, 0.7, 0.05, 100, D, 36, K
1e-10, 10000, False, 0.7, 0.1, 100, Q, 32, L
1e-10, 10000, False, 0.7, 0.1, 100, D, 36, K
1e-10, 10000, False, 0.7, 0.2, 100, Q, 32, L
1e-10, 10000, False, 0.7, 0.2, 100, D, 36, K
1e-10, 10000, True, 0.7, 0.05, 1, Q, 32, L
1e-10, 10000, True, 0.7, 0.05, 1, D, 36, K
1e-10, 10000, True, 0.7, 0.1, 1, Q, 32, L
1e-10, 10000, True, 0.7, 0.1, 1, D, 36, K
1e-10, 10000, True, 0.7, 0.2, 1, Q, 32, L
1e-10, 10000, True, 0.7, 0.2, 1, D, 36, K
1e-10, 10000, True, 0.7, 0.05, 2, Q, 32, L
1e-10, 10000, True, 0.7, 0.05, 2, D, 36, K
1e-10, 10000, True, 0.7, 0.1, 2, Q, 32, L
1e-10, 10000, True, 0.7, 0.1, 2, D, 36, K
1e-10, 10000, True, 0.7, 0.2, 2, Q, 32, L
1e-10, 10000, True, 0.7, 0.2, 2, D, 36, K
1e-10, 10000, True, 0.7, 0.05, 4, Q, 32, L
1e-10, 10000, True, 0.7, 0.05, 4, D, 36, K
1e-10, 10000, True, 0.7, 0.1, 4, Q, 32, L
1e-10, 10000, True, 0.7, 0.1, 4, D, 36, K
1e-10, 10000, True, 0.7, 0.2, 4, Q, 32, L
1e-10, 10000, True, 0.7, 0.2, 4, D, 36, K
1e-10, 10000, True, 0.7, 0.05, 8, Q, 32, L
1e-10, 10000, True, 0.7, 0.05, 8, D, 36, K
1e-10, 10000, True, 0.7, 0.1, 8, Q, 32, L
1e-10, 10000, True, 0.7, 0.1, 8, D, 36, K
1e-10, 10000, True, 0.7, 0.2, 8, Q, 32, L
1e-10, 10000, True, 0.7, 0.2, 8, D, 36, K
1e-10, 10000, True, 0.7, 0.05, 16, Q, 32, L
1e-10, 10000, True, 0.7, 0.05, 16, D, 36, K
1e-10, 10000, True, 0.7, 0.1, 16, Q, 32, L
1e-10, 10000, True, 0.7, 0.1, 16, D, 36, K
1e-10, 10000, True, 0.7, 0.2, 16, Q, 32, L
1e-10, 10000, True, 0.7, 0.2, 16, D, 36, K
1e-10, 10000, True, 0.7, 0.05, 32, Q, 32, L
1e-10, 10000, True, 0.7, 0.05, 32, D, 36, K
1e-10, 10000, True, 0.7, 0.1, 32, Q, 32, L
1e-10, 10000, True, 0.7, 0.1, 32, D, 36, K
1e-10, 10000, True, 0.7, 0.2, 32, Q, 32, L
1e-10, 10000, True, 0.7, 0.2, 32, D, 36, K
1e-10, 10000, True, 0.7, 0.05, 64, Q, 32, L
1e-10, 10000, True, 0.7, 0.05, 64, D, 36, K
1e-10, 10000, True, 0.7, 0.1, 64, Q, 32, L
1e-10, 10000, True, 0.7, 0.1, 64, D, 36, K
1e-10, 10000, True, 0.7, 0.2, 64, Q, 32, L
1e-10, 10000, True, 0.7, 0.2, 64, D, 36, K
1e-10, 10000, True, 0.7, 0.05, 100, Q, 32, L
1e-10, 10000, True, 0.7, 0.05, 100, D, 36, K
1e-10, 10000, True, 0.7, 0.1, 100, Q, 32, L
1e-10, 10000, True, 0.7, 0.1, 100, D, 36, K
1e-10, 10000, True, 0.7, 0.2, 100, Q, 32, L
1e-10, 10000, True, 0.7, 0.2, 100, D, 36, K
1e-13, 10000, False, 0.7, 0.05, 1, E, 42, V
1e-13, 10000, False, 0.7, 0.1, 1, E, 42, V
1e-13, 10000, False, 0.7, 0.2, 1, E, 42, V
1e-13, 10000, False, 0.7, 0.4, 1, E, 42, V
1e-13, 10000, False, 0.7, 0.05, 2, E, 42, V
1e-13, 10000, False, 0.7, 0.1, 2, E, 42, V
1e-13, 10000, False, 0.7, 0.2, 2, E, 42, V
1e-13, 10000, False, 0.7, 0.4, 2, E, 42, V
1e-13, 10000, False, 0.7, 0.05, 4, E, 42, V
1e-13, 10000, False, 0.7, 0.1, 4, E, 42, V
1e-13, 10000, False, 0.7, 0.2, 4, E, 42, V
1e-13, 10000, False, 0.7, 0.4, 4, E, 42, V
1e-13, 10000, False, 0.7, 0.05, 8, E, 42, V
1e-13, 10000, False, 0.7, 0.1, 8, E, 42, V
1e-13, 10000, False, 0.7, 0.2, 8, E, 42, V
1e-13, 10000, False, 0.7, 0.4, 8, E, 42, V
1e-13, 10000, False, 0.7, 0.05, 16, E, 42, V
1e-13, 10000, False, 0.7, 0.1, 16, E, 42, V
1e-13, 10000, False, 0.7, 0.2, 16, E, 42, V
1e-13, 10000, False, 0.7, 0.4, 16, E, 42, V
1e-13, 10000, False, 0.7, 0.05, 32, E, 42, V
1e-13, 10000, False, 0.7, 0.1, 32, E, 42, V
1e-13, 10000, False, 0.7, 0.2, 32, E, 42, V
1e-13, 10000, False, 0.7, 0.4, 32, E, 42, V
1e-13, 10000, False, 0.7, 0.05, 64, E, 42, V
1e-13, 10000, False, 0.7, 0.1, 64, E, 42, V
1e-13, 10000, False, 0.7, 0.2, 64, E, 42, V
1e-13, 10000, False, 0.7, 0.4, 64, E, 42, V
1e-13, 10000, False, 0.7, 0.05, 100, E, 42, V
1e-13, 10000, False, 0.7, 0.1, 100, E, 42, V
1e-13, 10000, False, 0.7, 0.2, 100, E, 42, V
1e-13, 10000, False, 0.7, 0.4, 100, E, 42, V
1e-13, 10000, True, 0.7, 0.05, 1, E, 42, V
1e-13, 10000, True, 0.7, 0.1, 1, E, 42, V
1e-13, 10000, True, 0.7, 0.2, 1, E, 42, V
1e-13, 10000, True, 0.7, 0.4, 1, E, 42, V
1e-13, 10000, True, 0.7, 0.05, 2, E, 42, V
1e-13, 10000, True, 0.7, 0.1, 2, E, 42, V
1e-13, 10000, True, 0.7, 0.2, 2, E, 42, V
1e-13, 10000, True, 0.7, 0.4, 2, E, 42, V
1e-13, 10000, True, 0.7, 0.05, 4, E, 42, V
1e-13, 10000, True, 0.7, 0.1, 4, E, 42, V
1e-13, 10000, True, 0.7, 0.2, 4, E, 42, V
1e-13, 10000, True, 0.7, 0.4, 4, E, 42, V
1e-13, 10000, True, 0.7, 0.05, 8, E, 42, V
1e-13, 10000, True, 0.7, 0.1, 8, E, 42, V
1e-13, 10000, True, 0.7, 0.2, 8, E, 42, V
1e-13, 10000, True, 0.7, 0.4, 8, E, 42, V
1e-13, 10000, True, 0.7, 0.05, 16, E, 42, V
1e-13, 10000, True, 0.7, 0.1, 16, E, 42, V
1e-13, 10000, True, 0.7, 0.2, 16, E, 42, V
1e-13, 10000, True, 0.7, 0.4, 16, E, 42, V
1e-13, 10000, True, 0.7, 0.05, 32, E, 42, V
1e-13, 10000, True, 0.7, 0.1, 32, E, 42, V
1e-13, 10000, True, 0.7, 0.2, 32, E, 42, V
1e-13, 10000, True, 0.7, 0.4, 32, E, 42, V
1e-13, 10000, True, 0.7, 0.05, 64, E, 42, V
1e-13, 10000, True, 0.7, 0.1, 64, E, 42, V
1e-13, 10000, True, 0.7, 0.2, 64, E, 42, V
1e-13, 10000, True, 0.7, 0.4, 64, E, 42, V
1e-13, 10000, True, 0.7, 0.05, 100, E, 42, V
1e-13, 10000, True, 0.7, 0.1, 100, E, 42, V
1e-13, 10000, True, 0.7, 0.2, 100, E, 42, V
1e-13, 10000, True, 0.7, 0.4, 100, E, 42, V
1e-16, 10000, False, 0.95, 0.05, 1, L, 7, I
1e-16, 10000, False, 0.95, 0.1, 1, L, 7, I
1e-16, 10000, False, 0.95, 0.2, 1, L, 7, I
1e-16, 10000, False, 0.95, 0.4, 1, L, 7, I
1e-16, 10000, False, 0.95, 0.6, 1, L, 7, I
1e-16, 10000, False, 0.95, 0.8, 1, L, 7, I
1e-16, 10000, False, 0.95, 0.9, 1, L, 7, I
1e-16, 10000, False, 0.95, 0.99, 1, L, 7, I
1e-16, 10000, False, 0.95, 0.05, 2, L, 7, I
1e-16, 10000, False, 0.95, 0.1, 2, L, 7, I
1e-16, 10000, False, 0.95, 0.2, 2, L, 7, I
1e-16, 10000, False, 0.95, 0.05, 4, L, 7, I
1e-16, 10000, False, 0.95, 0.1, 4, L, 7, I
1e-16, 10000, False, 0.95, 0.2, 4, L, 7, I
1e-16, 10000, False, 0.95, 0.05, 8, L, 7, I
1e-16, 10000, False, 0.95, 0.1, 8, L, 7, I
1e-16, 10000, False, 0.95, 0.2, 8, L, 7, I
1e-16, 10000, False, 0.95, 0.05, 16, L, 7, I
1e-16, 10000, False, 0.95, 0.1, 16, L, 7, I
1e-16, 10000, False, 0.95, 0.2, 16, L, 7, I
1e-16, 10000, False, 0.95, 0.05, 32, L, 7, I
1e-16, 10000, False, 0.95, 0.1, 32, L, 7, I
1e-16, 10000, False, 0.95, 0.2, 32, L, 7, I
1e-16, 10000, False, 0.95, 0.05, 64, L, 7, I
1e-16, 10000, False, 0.95, 0.1, 64, L, 7, I
1e-16, 10000, False, 0.95, 0.2, 64, L, 7, I
1e-16, 10000, False, 0.95, 0.05, 100, L, 7, I
1e-16, 10000, False, 0.95, 0.1, 100, L, 7, I
1e-16, 10000, False, 0.95, 0.2, 100, L, 7, I
1e-16, 10000, False, 1, 0.05, 1, L, 7, I
1e-16, 10000, False, 1, 0.1, 1, L, 7, I
1e-16, 10000, False, 1, 0.2, 1, L, 7, I
1e-16, 10000, False, 1, 0.4, 1, L, 7, I
1e-16, 10000, False, 1, 0.6, 1, L, 7, I
1e-16, 10000, False, 1, 0.8, 1, L, 7, I
1e-16, 10000, False, 1, 0.9, 1, L, 7, I
1e-16, 10000, False, 1, 0.99, 1, L, 7, I
1e-16, 10000, False, 1, 0.05, 2, L, 7, I
1e-16, 10000, False, 1, 0.1, 2, L, 7, I
1e-16, 10000, False, 1, 0.2, 2, L, 7, I
1e-16, 10000, False, 1, 0.4, 2, L, 7, I
1e-16, 10000, False, 1, 0.05, 4, L, 7, I
1e-16, 10000, False, 1, 0.1, 4, L, 7, I
1e-16, 10000, False, 1, 0.2, 4, L, 7, I
1e-16, 10000, False, 1, 0.4, 4, L, 7, I
1e-16, 10000, False, 1, 0.05, 8, L, 7, I
1e-16, 10000, False, 1, 0.1, 8, L, 7, I
1e-16, 10000, False, 1, 0.2, 8, L, 7, I
1e-16, 10000, False, 1, 0.4, 8, L, 7, I
1e-16, 10000, False, 1, 0.05, 16, L, 7, I
1e-16, 10000, False, 1, 0.1, 16, L, 7, I
1e-16, 10000, False, 1, 0.2, 16, L, 7, I
1e-16, 10000, False, 1, 0.4, 16, L, 7, I
1e-16, 10000, False, 1, 0.05, 32, L, 7, I
1e-16, 10000, False, 1, 0.1, 32, L, 7, I
1e-16, 10000, False, 1, 0.2, 32, L, 7, I
1e-16, 10000, False, 1, 0.4, 32, L, 7, I
1e-16, 10000, False, 1, 0.05, 64, L, 7, I
1e-16, 10000, False, 1, 0.1, 64, L, 7, I
1e-16, 10000, False, 1, 0.2, 64, L, 7, I
1e-16, 10000, False, 1, 0.4, 64, L, 7, I
1e-16, 10000, False, 1, 0.05, 100, L, 7, I
1e-16, 10000, False, 1, 0.1, 100, L, 7, I
1e-16, 10000, False, 1, 0.2, 100, L, 7, I
1e-16, 10000, False, 1, 0.4, 100, L, 7, I
1e-16, 10000, True, 0.95, 0.05, 1, L, 7, I
1e-16, 10000, True, 0.95, 0.1, 1, L, 7, I
1e-16, 10000, True, 0.95, 0.2, 1, L, 7, I
1e-16, 10000, True, 0.95, 0.4, 1, L, 7, I
1e-16, 10000, True, 0.95, 0.6, 1, L, 7, I
1e-16, 10000, True, 0.95, 0.8, 1, L, 7, I
1e-16, 10000, True, 0.95, 0.9, 1, L, 7, I
1e-16, 10000, True, 0.95, 0.99, 1, L, 7, I
1e-16, 10000, True, 0.95, 0.05, 2, L, 7, I
1e-16, 10000, True, 0.95, 0.1, 2, L, 7, I
1e-16, 10000, True, 0.95, 0.2, 2, L, 7, I
1e-16, 10000, True, 0.95, 0.05, 4, L, 7, I
1e-16, 10000, True, 0.95, 0.1, 4, L, 7, I
1e-16, 10000, True, 0.95, 0.2, 4, L, 7, I
1e-16, 10000, True, 0.95, 0.05, 8, L, 7, I
1e-16, 10000, True, 0.95, 0.1, 8, L, 7, I
1e-16, 10000, True, 0.95, 0.2, 8, L, 7, I
1e-16, 10000, True, 0.95, 0.05, 16, L, 7, I
1e-16, 10000, True, 0.95, 0.1, 16, L, 7, I
1e-16, 10000, True, 0.95, 0.2, 16, L, 7, I
1e-16, 10000, True, 0.95, 0.05, 32, L, 7, I
1e-16, 10000, True, 0.95, 0.1, 32, L, 7, I
1e-16, 10000, True, 0.95, 0.2, 32, L, 7, I
1e-16, 10000, True, 0.95, 0.05, 64, L, 7, I
1e-16, 10000, True, 0.95, 0.1, 64, L, 7, I
1e-16, 10000, True, 0.95, 0.2, 64, L, 7, I
1e-16, 10000, True, 0.95, 0.05, 100, L, 7, I
1e-16, 10000, True, 0.95, 0.1, 100, L, 7, I
1e-16, 10000, True, 0.95, 0.2, 100, L, 7, I
1e-16, 10000, True, 1, 0.05, 1, L, 7, I
1e-16, 10000, True, 1, 0.1, 1, L, 7, I
1e-16, 10000, True, 1, 0.2, 1, L, 7, I
1e-16, 10000, True, 1, 0.4, 1, L, 7, I
1e-16, 10000, True, 1, 0.6, 1, L, 7, I
1e-16, 10000, True, 1, 0.8, 1, L, 7, I
1e-16, 10000, True, 1, 0.9, 1, L, 7, I
1e-16, 10000, True, 1, 0.99, 1, L, 7, I
1e-16, 10000, True, 1, 0.05, 2, L, 7, I
1e-16, 10000, True, 1, 0.1, 2, L, 7, I
1e-16, 10000, True, 1, 0.2, 2, L, 7, I
1e-16, 10000, True, 1, 0.4, 2, L, 7, I
1e-16, 10000, True, 1, 0.05, 4, L, 7, I
1e-16, 10000, True, 1, 0.1, 4, L, 7, I
1e-16, 10000, True, 1, 0.2, 4, L, 7, I
1e-16, 10000, True, 1, 0.4, 4, L, 7, I
1e-16, 10000, True, 1, 0.05, 8, L, 7, I
1e-16, 10000, True, 1, 0.1, 8, L, 7, I
1e-16, 10000, True, 1, 0.2, 8, L, 7, I
1e-16, 10000, True, 1, 0.4, 8, L, 7, I
1e-16, 10000, True, 1, 0.05, 16, L, 7, I
1e-16, 10000, True, 1, 0.1, 16, L, 7, I
1e-16, 10000, True, 1, 0.2, 16, L, 7, I
1e-16, 10000, True, 1, 0.4, 16, L, 7, I
1e-16, 10000, True, 1, 0.05, 32, L, 7, I
1e-16, 10000, True, 1, 0.1, 32, L, 7, I
1e-16, 10000, True, 1, 0.2, 32, L, 7, I
1e-16, 10000, True, 1, 0.4, 32, L, 7, I
1e-16, 10000, True, 1, 0.05, 64, L, 7, I
1e-16, 10000, True, 1, 0.1, 64, L, 7, I
1e-16, 10000, True, 1, 0.2, 64, L, 7, I
1e-16, 10000, True, 1, 0.4, 64, L, 7, I
1e-16, 10000, True, 1, 0.05, 100, L, 7, I
1e-16, 10000, True, 1, 0.1, 100, L, 7, I
1e-16, 10000, True, 1, 0.2, 100, L, 7, I
1e-16, 10000, True, 1, 0.4, 100, L, 7, I
1e-25, 10000, False, 0.9, 0.05, 1, T, 2, Q
1e-25, 10000, False, 0.9, 0.1, 1, T, 2, Q
1e-25, 10000, False, 0.9, 0.2, 1, T, 2, Q
1e-25, 10000, False, 0.9, 0.4, 1, T, 2, Q
1e-25, 10000, False, 0.9, 0.05, 2, T, 2, Q
1e-25, 10000, False, 0.9, 0.1, 2, T, 2, Q
1e-25, 10000, False, 0.9, 0.2, 2, T, 2, Q
1e-25, 10000, False, 0.9, 0.4, 2, T, 2, Q
1e-25, 10000, False, 0.9, 0.05, 4, T, 2, Q
1e-25, 10000, False, 0.9, 0.1, 4, T, 2, Q
1e-25, 10000, False, 0.9, 0.2, 4, T, 2, Q
1e-25, 10000, False, 0.9, 0.4, 4, T, 2, Q
1e-25, 10000, False, 0.9, 0.05, 8, T, 2, Q
1e-25, 10000, False, 0.9, 0.1, 8, T, 2, Q
1e-25, 10000, False, 0.9, 0.2, 8, T, 2, Q
1e-25, 10000, False, 0.9, 0.4, 8, T, 2, Q
1e-25, 10000, False, 0.9, 0.05, 16, T, 2, Q
1e-25, 10000, False, 0.9, 0.1, 16, T, 2, Q
1e-25, 10000, False, 0.9, 0.2, 16, T, 2, Q
1e-25, 10000, False, 0.9, 0.4, 16, T, 2, Q
1e-25, 10000, False, 0.9, 0.05, 32, T, 2, Q
1e-25, 10000, False, 0.9, 0.1, 32, T, 2, Q
1e-25, 10000, False, 0.9, 0.2, 32, T, 2, Q
1e-25, 10000, False, 0.9, 0.4, 32, T, 2, Q
1e-25, 10000, False, 0.9, 0.05, 64, T, 2, Q
1e-25, 10000, False, 0.9, 0.1, 64, T, 2, Q
1e-25, 10000, False, 0.9, 0.2, 64, T, 2, Q
1e-25, 10000, False, 0.9, 0.4, 64, T, 2, Q
1e-25, 10000, False, 0.9, 0.05, 100, T, 2, Q
1e-25, 10000, False, 0.9, 0.1, 100, T, 2, Q
1e-25, 10000, False, 0.9, 0.2, 100, T, 2, Q
1e-25, 10000, False, 0.9, 0.4, 100, T, 2, Q
1e-25, 10000, True, 0.9, 0.05, 1, T, 2, Q
1e-25, 10000, True, 0.9, 0.1, 1, T, 2, Q
1e-25, 10000, True, 0.9, 0.2, 1, T, 2, Q
1e-25, 10000, True, 0.9, 0.4, 1, T, 2, Q
1e-25, 10000, True, 0.9, 0.05, 2, T, 2, Q
1e-25, 10000, True, 0.9, 0.1, 2, T, 2, Q
1e-25, 10000, True, 0.9, 0.2, 2, T, 2, Q
1e-25, 10000, True, 0.9, 0.4, 2, T, 2, Q
1e-25, 10000, True, 0.9, 0.05, 4, T, 2, Q
1e-25, 10000, True, 0.9, 0.1, 4, T, 2, Q
1e-25, 10000, True, 0.9, 0.2, 4, T, 2, Q
1e-25, 10000, True, 0.9, 0.4, 4, T, 2, Q
1e-25, 10000, True, 0.9, 0.05, 8, T, 2, Q
1e-25, 10000, True, 0.9, 0.1, 8, T, 2, Q
1e-25, 10000, True, 0.9, 0.2, 8, T, 2, Q
1e-25, 10000, True, 0.9, 0.4, 8, T, 2, Q
1e-25, 10000, True, 0.9, 0.05, 16, T, 2, Q
1e-25, 10000, True, 0.9, 0.1, 16, T, 2, Q
1e-25, 10000, True, 0.9, 0.2, 16, T, 2, Q
1e-25, 10000, True, 0.9, 0.4, 16, T, 2, Q
1e-25, 10000, True, 0.9, 0.05, 32, T, 2, Q
1e-25, 10000, True, 0.9, 0.1, 32, T, 2, Q
1e-25, 10000, True, 0.9, 0.2, 32, T, 2, Q
1e-25, 10000, True, 0.9, 0.4, 32, T, 2, Q
1e-25, 10000, True, 0.9, 0.05, 64, T, 2, Q
1e-25, 10000, True, 0.9, 0.1, 64, T, 2, Q
1e-25, 10000, True, 0.9, 0.2, 64, T, 2, Q
1e-25, 10000, True, 0.9, 0.4, 64, T, 2, Q
1e-25, 10000, True, 0.9, 0.05, 100, T, 2, Q
1e-25, 10000, True, 0.9, 0.1, 100, T, 2, Q
1e-25, 10000, True, 0.9, 0.2, 100, T, 2, Q
1e-25, 10000, True, 0.9, 0.4, 100, T, 2, Q
1e-28, 10000, False, 0.95, 0.05, 1, L, 7, I
1e-28, 10000, False, 0.95, 0.1, 1, L, 7, I
1e-28, 10000, False, 0.95, 0.2, 1, L, 7, I
1e-28, 10000, False, 0.95, 0.4, 1, L, 7, I
1e-28, 10000, False, 0.95, 0.6, 1, L, 7, I
1e-28, 10000, False, 0.95, 0.8, 1, L, 7, I
1e-28, 10000, False, 0.95, 0.9, 1, L, 7, I
1e-28, 10000, False, 0.95, 0.99, 1, L, 7, I
1e-28, 10000, False, 0.95, 0.05, 2, L, 7, I
1e-28, 10000, False, 0.95, 0.1, 2, L, 7, I
1e-28, 10000, False, 0.95, 0.2, 2, L, 7, I
1e-28, 10000, False, 0.95, 0.4, 2, L, 7, I
1e-28, 10000, False, 0.95, 0.05, 4, L, 7, I
1e-28, 10000, False, 0.95, 0.1, 4, L, 7, I
1e-28, 10000, False, 0.95, 0.2, 4, L, 7, I
1e-28, 10000, False, 0.95, 0.4, 4, L, 7, I
1e-28, 10000, False, 0.95, 0.05, 8, L, 7, I
1e-28, 10000, False, 0.95, 0.1, 8, L, 7, I
1e-28, 10000, False, 0.95, 0.2, 8, L, 7, I
1e-28, 10000, False, 0.95, 0.4, 8, L, 7, I
1e-28, 10000, False, 0.95, 0.05, 16, L, 7, I
1e-28, 10000, False, 0.95, 0.1, 16, L, 7, I
1e-28, 10000, False, 0.95, 0.2, 16, L, 7, I
1e-28, 10000, False, 0.95, 0.4, 16, L, 7, I
1e-28, 10000, False, 0.95, 0.05, 32, L, 7, I
1e-28, 10000, False, 0.95, 0.1, 32, L, 7, I
1e-28, 10000, False, 0.95, 0.2, 32, L, 7, I
1e-28, 10000, False, 0.95, 0.4, 32, L, 7, I
1e-28, 10000, False, 0.95, 0.05, 64, L, 7, I
1e-28, 10000, False, 0.95, 0.1, 64, L, 7, I
1e-28, 10000, False, 0.95, 0.2, 64, L, 7, I
1e-28, 10000, False, 0.95, 0.4, 64, L, 7, I
1e-28, 10000, False, 0.95, 0.05, 100, L, 7, I
1e-28, 10000, False, 0.95, 0.1, 100, L, 7, I
1e-28, 10000, False, 0.95, 0.2, 100, L, 7, I
1e-28, 10000, False, 0.95, 0.4, 100, L, 7, I
1e-28, 10000, True, 0.95, 0.05, 1, L, 7, I
1e-28, 10000, True, 0.95, 0.1, 1, L, 7, I
1e-28, 10000, True, 0.95, 0.2, 1, L, 7, I
1e-28, 10000, True, 0.95, 0.4, 1, L, 7, I
1e-28, 10000, True, 0.95, 0.6, 1, L, 7, I
1e-28, 10000, True, 0.95, 0.8, 1, L, 7, I
1e-28, 10000, True, 0.95, 0.9, 1, L, 7, I
1e-28, 10000, True, 0.95, 0.99, 1, L, 7, I
1e-28, 10000, True, 0.95, 0.05, 2, L, 7, I
1e-28, 10000, True, 0.95, 0.1, 2, L, 7, I
1e-28, 10000, True, 0.95, 0.2, 2, L, 7, I
1e-28, 10000, True, 0.95, 0.4, 2, L, 7, I
1e-28, 10000, True, 0.95, 0.05, 4, L, 7, I
1e-28, 10000, True, 0.95, 0.1, 4, L, 7, I
1e-28, 10000, True, 0.95, 0.2, 4, L, 7, I
1e-28, 10000, True, 0.95, 0.4, 4, L, 7, I
1e-28, 10000, True, 0.95, 0.05, 8, L, 7, I
1e-28, 10000, True, 0.95, 0.1, 8, L, 7, I
1e-28, 10000, True, 0.95, 0.2, 8, L, 7, I
1e-28, 10000, True, 0.95, 0.4, 8, L, 7, I
1e-28, 10000, True, 0.95, 0.05, 16, L, 7, I
1e-28, 10000, True, 0.95, 0.1, 16, L, 7, I
1e-28, 10000, True, 0.95, 0.2, 16, L, 7, I
1e-28, 10000, True, 0.95, 0.4, 16, L, 7, I
1e-28, 10000, True, 0.95, 0.05, 32, L, 7, I
1e-28, 10000, True, 0.95, 0.1, 32, L, 7, I
1e-28, 10000, True, 0.95, 0.2, 32, L, 7, I
1e-28, 10000, True, 0.95, 0.4, 32, L, 7, I
1e-28, 10000, True, 0.95, 0.05, 64, L, 7, I
1e-28, 10000, True, 0.95, 0.1, 64, L, 7, I
1e-28, 10000, True, 0.95, 0.2, 64, L, 7, I
1e-28, 10000, True, 0.95, 0.4, 64, L, 7, I
1e-28, 10000, True, 0.95, 0.05, 100, L, 7, I
1e-28, 10000, True, 0.95, 0.1, 100, L, 7, I
1e-28, 10000, True, 0.95, 0.2, 100, L, 7, I
1e-28, 10000, True, 0.95, 0.4, 100, L, 7, I
