1BNI,I,4,A,6.3,25.0,-1.11
1BNI,I,4,V,6.3,25.0,-0.69
1BNI,N,5,A,6.3,25.0,-1.83
1BNI,T,6,A,6.3,25.0,-2.21
1BNI,T,6,D,6.3,25.0,0.11
1BNI,T,6,E,6.3,25.0,-0.27
1BNI,T,6,G,6.3,25.0,-1.09
1BNI,T,6,H,6.8,25.0,-2.06
1BNI,T,6,N,6.3,25.0,-1.27
1BNI,T,6,Q,6.3,25.0,-1.87
1BNI,T,6,S,6.3,25.0,-0.22
1BNI,F,7,L,6.2,25.0,-4.35
1BNI,D,8,A,5.9,25.0,-0.80
1BNI,D,8,G,6.3,25.0,-1.23
1BNI,D,8,S,6.3,25.0,-0.84
1BNI,V,10,A,6.3,25.0,-3.46
1BNI,V,10,T,6.3,25.0,-2.37
1BNI,D,12,A,6.3,25.0,-0.09
1BNI,D,12,G,5.3,25.0,-0.76
1BNI,D,12,S,6.3,25.0,-0.77
1BNI,Y,13,A,6.3,25.0,-3.49
1BNI,Y,13,F,6.3,25.0,-0.52
1BNI,L,14,A,6.3,29.6,-4.51
1BNI,Q,15,I,6.3,25.0,1.19
1BNI,T,16,A,6.3,25.0,-0.38
1BNI,T,16,G,6.3,25.0,-1.48
1BNI,T,16,R,6.0,25.0,0.24
1BNI,T,16,S,6.3,25.0,-1.66
1BNI,Y,17,A,6.3,25.0,-2.12
1BNI,Y,17,F,6.3,25.0,-0.44
1BNI,Y,17,G,6.3,25.0,-4.02
1BNI,Y,17,S,6.3,25.0,-2.28
1BNI,H,18,A,6.3,25.0,-1.99
1BNI,H,18,D,6.3,25.0,-2.38
1BNI,H,18,G,6.6,25.0,-0.65
1BNI,H,18,K,6.3,25.0,-1.05
1BNI,H,18,N,6.3,25.0,-1.74
1BNI,H,18,Q,6.3,25.0,-1.52
1BNI,H,18,R,6.3,25.0,-1.09
1BNI,H,18,S,6.3,25.0,-2.19
1BNI,K,19,R,6.3,25.0,0.54
1BNI,D,22,M,4.4,25.0,-0.27
1BNI,N,23,A,6.3,25.0,-2.27
1BNI,Y,24,F,6.3,25.0,0.05
1BNI,I,25,A,6.3,25.0,-3.59
1BNI,I,25,V,6.3,25.0,-1.05
1BNI,T,26,A,6.3,25.0,-1.95
1BNI,T,26,D,6.3,25.0,-0.04
1BNI,T,26,E,6.3,25.0,-0.05
1BNI,T,26,G,5.9,25.0,-1.48
1BNI,T,26,N,6.3,25.0,-1.29
1BNI,T,26,Q,6.3,25.0,-1.72
1BNI,T,26,S,6.3,25.0,-0.56
1BNI,T,26,V,6.3,25.0,-2.31
1BNI,K,27,A,6.3,25.0,0.44
1BNI,K,27,G,6.3,25.0,-0.30
1BNI,S,28,A,6.3,25.0,0.50
1BNI,S,28,E,6.3,25.0,0.50
1BNI,S,28,G,6.3,25.0,-0.47
1BNI,E,29,A,6.3,25.0,-1.28
1BNI,E,29,G,6.3,25.0,-1.91
1BNI,E,29,Q,6.3,25.0,-0.11
1BNI,E,29,S,6.3,25.0,-1.22
1BNI,Q,31,A,6.3,25.0,-0.03
1BNI,Q,31,G,6.3,25.0,-1.04
1BNI,Q,31,S,6.3,25.0,0.00
1BNI,A,32,C,6.3,25.0,-1.42
1BNI,A,32,D,6.3,25.0,-0.56
1BNI,A,32,E,6.3,25.0,-0.24
1BNI,A,32,F,6.3,25.0,-0.56
1BNI,A,32,G,6.3,25.0,-0.82
1BNI,A,32,H,6.3,25.0,-0.75
1BNI,A,32,I,6.3,25.0,-0.74
1BNI,A,32,K,6.3,25.0,-0.15
1BNI,A,32,L,6.3,25.0,-0.11
1BNI,A,32,M,6.3,25.0,-0.19
1BNI,A,32,N,6.3,25.0,-0.51
1BNI,A,32,Q,6.3,25.0,-0.43
1BNI,A,32,R,6.3,25.0,-0.15
1BNI,A,32,S,6.3,25.0,-0.28
1BNI,A,32,T,6.3,25.0,-0.64
1BNI,A,32,V,6.3,25.0,-0.62
1BNI,A,32,W,6.3,25.0,-1.07
1BNI,A,32,Y,6.3,25.0,-0.75
1BNI,L,33,Q,6.3,25.0,-1.34
1BNI,G,34,A,6.3,25.0,-2.91
1BNI,G,34,D,6.3,25.0,-3.30
1BNI,G,34,H,6.6,25.0,-2.62
1BNI,G,34,K,6.3,25.0,-2.91
1BNI,G,34,N,6.3,25.0,-2.72
1BNI,G,34,R,6.3,25.0,-2.61
1BNI,G,34,S,6.3,25.0,-3.05
1BNI,G,34,T,6.3,25.0,-3.28
1BNI,V,36,A,6.3,25.0,-1.40
1BNI,V,36,T,6.3,25.0,-1.11
1BNI,N,41,D,6.3,25.0,-2.54
1BNI,D,44,E,6.3,25.0,-0.11
1BNI,V,45,A,6.3,25.0,-1.61
1BNI,V,45,T,6.3,25.0,-2.34
1BNI,I,51,A,6.3,25.0,-4.71
1BNI,I,51,V,5.9,25.0,-1.66
1BNI,G,53,A,6.3,54.1,-3.40
1BNI,D,54,A,6.3,25.0,-3.04
1BNI,D,54,N,6.0,25.0,-2.42
1BNI,I,55,A,6.3,25.0,-1.29
1BNI,I,55,T,6.3,25.0,-0.94
1BNI,I,55,V,6.3,25.0,-0.37
1BNI,S,57,A,6.3,25.0,0.15
1BNI,N,58,A,6.3,25.0,-2.27
1BNI,N,58,D,6.3,25.0,0.40
1BNI,R,59,A,6.3,25.0,0.64
1BNI,K,62,R,6.3,25.0,-0.35
1BNI,G,65,S,6.3,25.0,0.74
1BNI,K,66,A,6.3,25.0,0.59
1BNI,R,69,K,6.3,25.0,-3.20
1BNI,R,69,M,5.5,25.0,-2.04
1BNI,R,69,S,6.3,25.0,-2.83
1BNI,E,73,A,6.3,25.0,-2.40
1BNI,E,73,F,6.3,25.0,-2.10
1BNI,E,73,Q,6.3,25.0,-2.70
1BNI,E,73,W,6.3,25.0,-2.20
1BNI,I,76,A,6.3,25.0,-1.71
1BNI,I,76,T,6.3,25.0,-2.64
1BNI,I,76,V,6.3,25.0,-0.87
1BNI,N,77,A,6.3,25.0,-1.63
1BNI,Y,78,F,6.3,25.0,-1.35
1BNI,T,79,V,6.3,25.0,0.24
1BNI,R,83,K,6.3,25.0,-4.43
1BNI,R,83,Q,5.5,25.0,-1.47
1BNI,N,84,A,6.3,25.0,-1.94
1BNI,S,85,A,6.3,25.0,0.08
1BNI,I,88,A,6.3,29.9,-4.01
1BNI,I,88,L,6.3,25.0,-0.16
1BNI,I,88,V,6.1,29.0,-1.41
1BNI,L,89,T,6.3,25.0,-2.82
1BNI,L,89,V,6.3,25.0,-0.30
1BNI,S,91,A,5.7,25.0,-1.84
1BNI,S,92,A,5.9,25.0,-2.89
1BNI,D,93,N,6.3,25.0,-4.03
1BNI,W,94,F,7.3,25.0,-1.04
1BNI,W,94,L,7.8,25.0,-1.12
1BNI,W,94,Y,7.3,25.0,-1.24
1BNI,I,96,A,6.3,28.4,-3.31
1BNI,I,96,V,5.9,28.1,-0.97
1BNI,T,99,V,6.3,25.0,-2.87
1BNI,H,102,A,6.3,25.0,-0.24
1BNI,Y,103,F,6.3,25.0,-0.06
1BNI,Q,104,A,6.3,25.0,-0.13
1BNI,T,105,V,6.3,25.0,-2.21
1BNI,K,108,R,6.3,25.0,0.84
1BNI,I,109,A,6.3,25.0,-1.74
1BNI,I,109,V,6.3,25.0,-0.80
1BNI,R,110,A,6.3,25.0,-0.10
1EY0,K,6,A,7.0,20.0,0.19
1EY0,K,6,G,7.0,20.0,0.25
1EY0,L,7,A,7.0,20.0,-1.35
1EY0,L,7,G,7.0,20.0,-1.26
1EY0,L,7,I,7.0,20.0,-0.77
1EY0,L,7,V,7.0,20.0,-1.15
1EY0,H,8,A,7.0,20.0,-0.48
1EY0,H,8,G,7.0,20.0,-0.85
1EY0,K,9,A,7.0,20.0,-1.38
1EY0,K,9,F,7.0,20.0,-1.03
1EY0,K,9,G,7.0,20.0,-1.88
1EY0,E,10,A,7.0,20.0,-1.34
1EY0,E,10,G,7.0,20.0,-1.86
1EY0,E,10,K,7.0,20.0,-1.98
1EY0,E,10,Q,7.0,20.0,-0.97
1EY0,A,12,G,7.0,20.0,-2.37
1EY0,A,12,V,7.0,20.0,-0.89
1EY0,T,13,A,7.0,20.0,-0.73
1EY0,T,13,C,7.0,20.0,-1.20
1EY0,T,13,G,7.0,20.0,-1.16
1EY0,T,13,I,7.0,20.0,-0.05
1EY0,T,13,S,7.0,20.0,-0.35
1EY0,T,13,V,7.0,20.0,-0.26
1EY0,L,14,A,7.0,20.0,-2.38
1EY0,L,14,G,7.0,20.0,-3.84
1EY0,L,14,I,7.0,20.0,-1.60
1EY0,L,14,V,7.0,20.0,-1.63
1EY0,I,15,A,7.0,20.0,-2.73
1EY0,I,15,G,7.0,20.0,-3.43
1EY0,I,15,L,7.0,20.0,-0.62
1EY0,I,15,M,7.0,20.0,-0.15
1EY0,I,15,V,7.0,20.0,-0.88
1EY0,K,16,A,7.0,20.0,-0.06
1EY0,K,16,F,7.0,20.0,-0.38
1EY0,K,16,G,7.0,20.0,-0.76
1EY0,A,17,G,7.0,20.0,0.19
1EY0,A,17,V,7.0,20.0,-1.94
1EY0,I,18,A,7.0,20.0,-2.65
1EY0,I,18,G,7.0,20.0,-2.63
1EY0,I,18,L,7.0,20.0,-0.14
1EY0,I,18,M,6.7,23.6,-0.68
1EY0,I,18,V,7.0,20.0,-0.96
1EY0,D,19,A,7.0,20.0,-0.09
1EY0,D,19,F,7.0,20.0,-1.28
1EY0,D,19,G,7.0,20.0,-0.42
1EY0,D,19,K,7.0,20.0,-0.41
1EY0,D,19,N,7.0,20.0,0.07
1EY0,G,20,A,7.0,20.0,-0.12
1EY0,G,20,V,7.0,20.0,-2.18
1EY0,D,21,A,7.0,20.0,0.83
1EY0,D,21,G,7.0,20.0,0.46
1EY0,D,21,K,7.0,20.0,1.10
1EY0,D,21,N,7.0,20.0,1.43
1EY0,T,22,A,7.0,20.0,-1.69
1EY0,T,22,C,7.0,20.0,-0.95
1EY0,T,22,G,7.0,20.0,-2.54
1EY0,T,22,I,7.0,20.0,-0.61
1EY0,T,22,S,7.0,20.0,-0.74
1EY0,T,22,V,7.0,20.0,-0.85
1EY0,V,23,A,6.2,22.5,-2.70
1EY0,V,23,F,6.2,29.2,-1.93
1EY0,V,23,I,7.0,20.0,0.03
1EY0,V,23,L,7.0,20.0,-0.02
1EY0,V,23,S,7.0,20.0,-4.76
1EY0,V,23,T,7.0,20.0,-3.34
1EY0,K,24,A,7.0,20.0,-0.34
1EY0,K,24,F,7.0,20.0,-0.40
1EY0,K,24,G,7.0,20.0,-1.60
1EY0,L,25,A,6.4,40.2,-2.77
1EY0,L,25,G,7.0,20.0,-4.58
1EY0,L,25,I,7.0,20.0,-1.83
1EY0,L,25,V,7.0,20.0,-1.85
1EY0,M,26,A,7.0,20.0,-1.61
1EY0,M,26,G,6.2,22.5,-1.95
1EY0,M,26,I,7.0,20.0,-0.84
1EY0,M,26,L,7.0,20.0,-0.31
1EY0,Y,27,A,7.0,20.0,-3.63
1EY0,Y,27,C,7.0,20.0,-2.72
1EY0,Y,27,F,7.0,20.0,-0.40
1EY0,Y,27,H,7.0,20.0,-1.86
1EY0,Y,27,I,7.0,20.0,-2.28
1EY0,Y,27,K,7.0,20.0,-3.78
1EY0,Y,27,L,7.0,20.0,-1.55
1EY0,Y,27,M,7.0,20.0,-1.94
1EY0,Y,27,N,7.0,20.0,-3.83
1EY0,Y,27,Q,7.0,20.0,-3.31
1EY0,Y,27,R,7.0,20.0,-3.05
1EY0,Y,27,S,7.0,20.0,-3.21
1EY0,Y,27,T,7.0,20.0,-3.18
1EY0,Y,27,V,7.0,20.0,-2.65
1EY0,Y,27,W,7.0,20.0,-0.72
1EY0,K,28,A,7.0,20.0,-0.70
1EY0,K,28,E,7.0,20.0,-0.79
1EY0,K,28,F,7.0,20.0,-0.85
1EY0,K,28,G,7.0,20.0,-0.80
1EY0,K,28,Q,7.0,20.0,-0.28
1EY0,G,29,A,7.0,20.0,-1.41
1EY0,G,29,C,7.0,20.0,-1.26
1EY0,G,29,F,7.0,20.0,-1.46
1EY0,G,29,V,7.0,20.0,-3.11
1EY0,Q,30,A,7.0,20.0,-0.25
1EY0,Q,30,G,7.0,20.0,-0.93
1EY0,M,32,A,7.0,20.0,-1.81
1EY0,M,32,G,7.0,20.0,-2.54
1EY0,M,32,I,7.0,20.0,-0.56
1EY0,M,32,L,7.0,20.0,-0.76
1EY0,T,33,A,7.0,20.0,-1.52
1EY0,T,33,C,7.0,20.0,-1.04
1EY0,T,33,G,7.0,20.0,-2.62
1EY0,T,33,I,7.0,20.0,0.73
1EY0,T,33,S,7.0,20.0,-1.35
1EY0,T,33,V,7.0,20.0,0.47
1EY0,F,34,A,7.0,20.0,-3.80
1EY0,R,35,A,7.0,20.0,-1.38
1EY0,R,35,G,7.0,20.0,-2.26
1EY0,L,36,A,7.0,20.0,-3.66
1EY0,L,36,I,7.0,20.0,-3.09
1EY0,L,36,V,7.0,20.0,-3.58
1EY0,L,37,A,7.0,20.0,-1.51
1EY0,L,37,G,7.0,20.0,-3.79
1EY0,L,37,I,7.0,20.0,-1.82
1EY0,L,37,V,7.0,20.0,-2.78
1EY0,L,38,A,7.0,20.0,-1.51
1EY0,L,38,G,7.0,20.0,-0.28
1EY0,L,38,I,7.0,20.0,-2.06
1EY0,L,38,V,7.0,20.0,-0.14
1EY0,V,39,A,7.0,20.0,-2.16
1EY0,V,39,G,7.0,20.0,-4.61
1EY0,V,39,I,7.0,20.0,0.11
1EY0,V,39,L,7.0,20.0,-0.90
1EY0,V,39,S,7.0,20.0,-2.44
1EY0,V,39,T,7.0,20.0,-1.55
1EY0,D,40,A,7.0,20.0,0.41
1EY0,D,40,G,7.0,20.0,-0.38
1EY0,T,41,A,7.0,20.0,0.07
1EY0,T,41,C,7.0,20.0,0.74
1EY0,T,41,G,7.0,20.0,-1.79
1EY0,T,41,I,7.0,20.0,0.86
1EY0,T,41,S,7.0,20.0,-0.88
1EY0,T,41,V,7.0,20.0,0.90
1EY0,E,43,A,7.0,20.0,0.32
1EY0,E,43,D,7.0,20.0,0.20
1EY0,E,43,G,7.0,20.0,0.59
1EY0,T,44,A,7.0,20.0,-0.23
1EY0,T,44,C,7.0,20.0,-0.04
1EY0,T,44,G,7.0,20.0,-0.37
1EY0,T,44,I,7.0,20.0,-0.56
1EY0,T,44,S,7.0,20.0,0.04
1EY0,T,44,V,7.0,20.0,0.09
1EY0,K,45,A,7.0,20.0,0.19
1EY0,K,45,G,7.0,20.0,0.20
1EY0,H,46,A,7.0,20.0,-0.45
1EY0,H,46,G,7.0,20.0,-0.17
1EY0,H,46,Y,5.4,40.0,0.00
1EY0,K,48,A,7.0,20.0,0.09
1EY0,K,48,E,7.0,20.0,0.10
1EY0,K,48,F,7.0,20.0,-0.25
1EY0,K,48,G,7.0,20.0,0.24
1EY0,K,48,Q,7.0,20.0,-0.02
1EY0,K,49,A,7.0,20.0,-0.25
1EY0,K,49,F,7.0,20.0,0.20
1EY0,K,49,G,7.0,20.0,-0.10
1EY0,G,50,A,7.0,20.0,0.16
1EY0,G,50,C,7.0,20.0,-0.75
1EY0,G,50,F,7.0,20.0,-0.55
1EY0,G,50,V,7.0,20.0,-1.00
1EY0,V,51,A,7.0,20.0,-0.05
1EY0,V,51,G,7.0,20.0,-0.17
1EY0,V,51,I,7.0,20.0,0.09
1EY0,V,51,L,7.0,20.0,-0.10
1EY0,V,51,S,7.0,20.0,0.01
1EY0,V,51,T,7.0,20.0,0.20
1EY0,E,52,A,7.0,20.0,-0.05
1EY0,E,52,F,7.0,20.0,-0.51
1EY0,E,52,G,7.0,20.0,-0.27
1EY0,K,53,A,7.0,20.0,-0.17
1EY0,K,53,G,7.0,20.0,-0.08
1EY0,Y,54,A,7.0,20.0,-1.97
1EY0,Y,54,F,7.0,20.0,-0.38
1EY0,Y,54,G,7.0,20.0,-1.72
1EY0,Y,54,L,7.0,20.0,-3.31
1EY0,G,55,A,7.0,20.0,-0.44
1EY0,G,55,V,7.0,20.0,-1.48
1EY0,E,57,A,7.0,20.0,-0.10
1EY0,E,57,C,7.0,20.0,-0.64
1EY0,E,57,F,7.0,20.0,-0.79
1EY0,E,57,G,7.0,20.0,-1.41
1EY0,E,57,K,7.0,20.0,0.01
1EY0,E,57,Q,7.0,20.0,-0.14
1EY0,A,58,G,7.0,20.0,-2.53
1EY0,A,58,V,7.0,20.0,-2.63
1EY0,S,59,A,7.0,20.0,0.62
1EY0,S,59,F,7.0,20.0,0.56
1EY0,S,59,G,7.0,20.0,-1.03
1EY0,A,60,C,7.0,20.0,-1.12
1EY0,A,60,F,7.0,20.0,-0.80
1EY0,A,60,G,7.0,20.0,-1.45
1EY0,A,60,V,7.0,20.0,-2.68
1EY0,F,61,A,7.0,20.0,-2.34
1EY0,F,61,G,7.0,20.0,-4.76
1EY0,T,62,A,7.0,20.0,-2.23
1EY0,T,62,C,7.0,20.0,-1.05
1EY0,T,62,G,7.0,20.0,-3.52
1EY0,T,62,I,7.0,20.0,-1.17
1EY0,T,62,S,7.0,20.0,-2.15
1EY0,T,62,V,7.0,20.0,0.10
1EY0,K,63,A,7.0,20.0,-0.32
1EY0,K,63,E,7.0,20.0,-1.47
1EY0,K,63,F,7.0,20.0,-1.83
1EY0,K,63,G,7.0,20.0,-1.57
1EY0,K,63,Q,7.0,20.0,-0.89
1EY0,K,64,A,7.0,20.0,0.16
1EY0,K,64,E,7.0,20.0,-1.68
1EY0,K,64,F,7.0,20.0,-0.09
1EY0,K,64,G,7.0,20.0,-0.51
1EY0,K,64,Q,7.0,20.0,0.00
1EY0,M,65,A,7.0,20.0,-2.06
1EY0,M,65,F,7.0,20.0,-1.62
1EY0,M,65,G,7.0,20.0,-4.66
1EY0,M,65,I,7.0,20.0,-1.43
1EY0,M,65,L,7.0,20.0,-0.73
1EY0,V,66,A,7.0,20.0,-2.34
1EY0,V,66,G,7.0,20.0,-4.49
1EY0,V,66,I,7.0,20.0,-0.76
1EY0,V,66,K,9.2,20.0,-4.83
1EY0,V,66,L,6.8,28.9,0.37
1EY0,V,66,M,8.2,20.0,-0.14
1EY0,V,66,S,7.0,20.0,-3.09
1EY0,V,66,T,7.0,20.0,-1.34
1EY0,V,66,W,7.0,20.0,-2.69
1EY0,E,67,A,7.0,20.0,-1.05
1EY0,E,67,F,7.0,20.0,-1.33
1EY0,E,67,G,7.0,20.0,-1.00
1EY0,E,67,Q,7.0,20.0,-0.57
1EY0,N,68,A,7.0,20.0,-0.38
1EY0,N,68,G,7.0,20.0,-0.35
1EY0,A,69,G,7.0,20.0,-2.10
1EY0,A,69,T,7.0,20.0,-3.03
1EY0,A,69,V,7.0,20.0,-2.80
1EY0,K,70,A,7.0,20.0,-0.16
1EY0,K,70,C,7.0,20.0,-0.48
1EY0,K,70,E,7.0,20.0,-0.30
1EY0,K,70,F,7.0,20.0,-0.03
1EY0,K,70,G,7.0,20.0,-0.60
1EY0,K,70,Q,7.0,20.0,-0.25
1EY0,K,70,W,7.0,20.0,-0.40
1EY0,K,71,A,7.0,20.0,-0.55
1EY0,K,71,F,7.0,20.0,0.04
1EY0,K,71,G,7.0,20.0,-1.31
1EY0,I,72,L,7.0,20.0,-0.23
1EY0,I,72,M,7.0,20.0,-1.88
1EY0,I,72,V,7.0,20.0,-1.79
1EY0,E,73,A,7.0,20.0,-1.46
1EY0,E,73,F,7.0,20.0,-0.88
1EY0,E,73,G,7.0,20.0,-2.76
1EY0,E,73,K,7.0,20.0,-2.06
1EY0,E,73,Q,7.0,20.0,-0.64
1EY0,V,74,A,7.0,20.0,-3.23
1EY0,V,74,I,7.0,20.0,-1.91
1EY0,V,74,L,7.0,20.0,-1.12
1EY0,V,74,T,7.0,20.0,-3.88
1EY0,E,75,A,6.2,22.5,-1.69
1EY0,E,75,G,7.0,20.0,-3.43
1EY0,E,75,K,7.0,20.0,-2.22
1EY0,E,75,Q,7.0,20.0,-0.61
1EY0,E,75,V,7.0,20.0,-2.31
1EY0,F,76,A,7.0,20.0,-4.10
1EY0,F,76,G,7.0,20.0,-4.73
1EY0,D,77,A,6.5,21.6,-2.39
1EY0,D,77,G,7.0,20.0,-1.81
1EY0,D,77,K,7.0,20.0,-3.28
1EY0,D,77,N,7.0,20.0,-2.69
1EY0,K,78,A,7.0,20.0,-0.50
1EY0,K,78,C,7.0,20.0,-0.26
1EY0,K,78,E,7.0,20.0,-0.69
1EY0,K,78,F,7.0,20.0,0.05
1EY0,K,78,G,7.0,20.0,-1.07
1EY0,K,78,Q,7.0,20.0,-0.15
1EY0,G,79,A,7.0,20.0,-2.17
1EY0,G,79,D,7.0,20.0,-2.28
1EY0,G,79,S,6.5,31.5,-2.14
1EY0,G,79,V,7.0,20.0,-2.23
1EY0,Q,80,A,7.0,20.0,-0.02
1EY0,Q,80,F,7.0,20.0,-0.58
1EY0,Q,80,G,7.0,20.0,-1.25
1EY0,R,81,A,7.0,20.0,-1.10
1EY0,R,81,G,7.0,20.0,-2.06
1EY0,T,82,A,7.0,20.0,-0.89
1EY0,T,82,C,7.0,20.0,-0.19
1EY0,T,82,G,7.0,20.0,-2.03
1EY0,T,82,I,7.0,20.0,0.51
1EY0,T,82,S,7.0,20.0,-0.75
1EY0,T,82,V,7.0,20.0,0.24
1EY0,D,83,A,7.0,20.0,-3.76
1EY0,D,83,G,7.0,20.0,-2.64
1EY0,K,84,A,7.0,20.0,0.10
1EY0,K,84,E,7.0,20.0,0.00
1EY0,K,84,F,7.0,20.0,-0.75
1EY0,K,84,G,7.0,20.0,-0.39
1EY0,K,84,Q,7.0,20.0,-0.15
1EY0,Y,85,A,7.0,20.0,-0.41
1EY0,Y,85,F,7.0,20.0,-0.07
1EY0,Y,85,G,7.0,20.0,-1.05
1EY0,Y,85,L,7.0,20.0,-0.15
1EY0,G,86,A,7.0,20.0,-0.31
1EY0,G,86,F,7.0,20.0,-1.99
1EY0,G,86,V,7.0,20.0,-3.74
1EY0,R,87,A,7.0,20.0,-0.79
1EY0,R,87,G,7.0,20.0,-2.53
1EY0,G,88,A,7.0,20.0,0.19
1EY0,G,88,V,6.8,28.9,-0.24
1EY0,G,88,W,7.0,20.0,-0.10
1EY0,L,89,A,7.0,20.0,-2.60
1EY0,L,89,F,5.4,40.0,-1.20
1EY0,L,89,G,7.0,20.0,-3.18
1EY0,L,89,I,7.0,20.0,-1.04
1EY0,L,89,V,7.0,20.0,-1.42
1EY0,A,90,G,7.0,20.0,-1.92
1EY0,A,90,S,6.7,30.3,-2.24
1EY0,A,90,V,7.0,20.0,0.04
1EY0,Y,91,F,7.0,20.0,-2.27
1EY0,Y,91,L,7.0,20.0,-3.83
1EY0,I,92,A,7.0,20.0,-4.12
1EY0,I,92,L,7.0,20.0,-0.60
1EY0,I,92,M,7.0,20.0,-1.75
1EY0,I,92,V,7.0,20.0,-0.46
1EY0,Y,93,F,7.0,20.0,-1.81
1EY0,Y,93,L,7.0,20.0,-4.53
1EY0,A,94,G,7.0,20.0,-2.54
1EY0,A,94,V,7.0,20.0,-1.13
1EY0,D,95,A,7.0,20.0,-3.50
1EY0,D,95,G,7.0,20.0,-2.93
1EY0,G,96,A,7.0,20.0,-1.80
1EY0,G,96,F,7.0,20.0,-2.55
1EY0,G,96,V,7.0,20.0,-3.74
1EY0,K,97,A,7.0,20.0,-0.22
1EY0,K,97,E,7.0,20.0,-0.47
1EY0,K,97,F,7.0,20.0,-0.58
1EY0,K,97,G,7.0,20.0,-1.85
1EY0,K,97,Q,7.0,20.0,-0.30
1EY0,M,98,A,7.0,20.0,-4.43
1EY0,M,98,G,7.0,20.0,-4.44
1EY0,M,98,I,7.0,20.0,-4.39
1EY0,M,98,L,7.0,20.0,-2.30
1EY0,V,99,A,7.0,20.0,-3.35
1EY0,V,99,I,7.0,20.0,-0.14
1EY0,V,99,L,7.0,20.0,-0.15
1EY0,V,99,T,7.0,20.0,-3.36
1EY0,N,100,G,7.0,20.0,-4.98
1EY0,E,101,A,7.0,20.0,-1.36
1EY0,E,101,F,7.0,20.0,-2.74
1EY0,E,101,G,7.0,20.0,-2.47
1EY0,A,102,F,7.0,20.0,-1.71
1EY0,A,102,G,7.0,20.0,-1.37
1EY0,A,102,V,7.0,20.0,-1.84
1EY0,L,103,A,7.0,20.0,-4.60
1EY0,L,103,I,7.0,20.0,-1.11
1EY0,L,103,V,7.0,20.0,-2.05
1EY0,V,104,A,7.0,20.0,-2.82
1EY0,V,104,I,7.0,20.0,0.27
1EY0,V,104,L,7.0,20.0,-0.76
1EY0,V,104,S,7.0,20.0,-4.86
1EY0,V,104,T,7.0,20.0,-2.45
1EY0,R,105,A,7.0,20.0,-1.32
1EY0,R,105,C,7.0,20.0,-2.55
1EY0,R,105,F,7.0,20.0,-2.84
1EY0,R,105,G,7.0,20.0,-2.40
1EY0,Q,106,A,7.0,20.0,0.25
1EY0,Q,106,G,7.0,20.0,-1.50
1EY0,G,107,A,7.0,20.0,-4.41
1EY0,L,108,I,7.0,20.0,-3.34
1EY0,L,108,V,7.0,20.0,-3.81
1EY0,A,109,G,7.0,20.0,-0.98
1EY0,A,109,V,7.0,20.0,-2.82
1EY0,K,110,A,7.0,20.0,-1.13
1EY0,K,110,G,7.0,20.0,-2.59
1EY0,V,111,A,7.0,20.0,-4.26
1EY0,V,111,G,7.0,20.0,-4.82
1EY0,V,111,I,7.0,20.0,-0.74
1EY0,V,111,L,7.0,20.0,-0.88
1EY0,V,111,S,7.0,20.0,-4.71
1EY0,V,111,T,7.0,20.0,-2.36
1EY0,A,112,C,7.0,20.0,-0.75
1EY0,A,112,F,7.0,20.0,-1.35
1EY0,A,112,G,7.0,20.0,0.20
1EY0,A,112,V,7.0,20.0,-1.19
1EY0,Y,113,A,7.0,20.0,0.06
1EY0,Y,113,F,7.0,20.0,0.07
1EY0,Y,113,G,7.0,20.0,-0.20
1EY0,Y,113,L,7.0,20.0,0.20
1EY0,V,114,A,7.0,20.0,0.14
1EY0,V,114,G,7.0,20.0,-0.03
1EY0,V,114,I,7.0,20.0,-0.15
1EY0,V,114,L,7.0,20.0,-1.07
1EY0,V,114,S,7.0,20.0,-0.04
1EY0,V,114,T,7.0,20.0,-0.31
1EY0,Y,115,A,7.0,20.0,-0.25
1EY0,Y,115,F,7.0,20.0,-0.02
1EY0,Y,115,G,7.0,20.0,-0.56
1EY0,Y,115,L,7.0,20.0,-0.22
1EY0,K,116,A,7.0,20.0,0.69
1EY0,K,116,F,7.0,20.0,0.21
1EY0,K,116,G,7.0,20.0,1.05
1EY0,N,118,A,7.0,20.0,-1.88
1EY0,N,118,D,7.0,20.0,-2.34
1EY0,N,118,G,7.0,20.0,-1.61
1EY0,N,119,A,7.0,20.0,-1.03
1EY0,N,119,G,7.0,20.0,-0.97
1EY0,T,120,A,7.0,20.0,-1.08
1EY0,T,120,C,7.0,20.0,-1.59
1EY0,T,120,G,7.0,20.0,-1.87
1EY0,T,120,I,7.0,20.0,-1.54
1EY0,T,120,S,7.0,20.0,-0.57
1EY0,T,120,V,7.0,20.0,-1.63
1EY0,H,121,A,7.0,20.0,-2.92
1EY0,H,121,G,7.0,20.0,-4.09
1EY0,E,122,A,7.0,20.0,-0.27
1EY0,E,122,F,7.0,20.0,-0.44
1EY0,E,122,G,7.0,20.0,-1.99
1EY0,E,122,K,7.0,20.0,-2.53
1EY0,E,122,Q,7.0,20.0,-1.52
1EY0,Q,123,A,7.0,20.0,-0.10
1EY0,Q,123,F,7.0,20.0,-0.51
1EY0,Q,123,G,7.0,20.0,-0.44
1EY0,H,124,A,7.0,20.0,0.57
1EY0,H,124,E,7.0,20.0,0.46
1EY0,H,124,F,7.0,20.0,0.51
1EY0,H,124,G,7.0,20.0,-0.52
1EY0,H,124,L,5.9,46.9,1.31
1EY0,H,124,Q,7.0,20.0,0.69
1EY0,L,125,A,7.0,20.0,-4.78
1EY0,L,125,I,7.0,20.0,-0.96
1EY0,L,125,V,7.0,20.0,-2.30
1EY0,R,126,A,7.0,20.0,-1.64
1EY0,R,126,G,7.0,20.0,-2.86
1EY0,K,127,A,7.0,20.0,0.24
1EY0,K,127,E,7.0,20.0,0.13
1EY0,K,127,F,7.0,20.0,-0.22
1EY0,K,127,G,7.0,20.0,-0.79
1EY0,K,127,Q,7.0,20.0,0.06
1EY0,S,128,A,7.0,20.0,0.83
1EY0,S,128,F,7.0,20.0,-1.00
1EY0,S,128,G,7.0,20.0,-1.52
1EY0,E,129,A,7.0,20.0,-2.20
1EY0,E,129,F,7.0,20.0,-3.88
1EY0,E,129,G,7.0,20.0,-3.72
1EY0,A,130,G,7.0,20.0,-1.00
1EY0,A,130,V,7.0,20.0,-1.08
1EY0,Q,131,A,7.0,20.0,-0.10
1EY0,Q,131,F,7.0,20.0,-0.55
1EY0,Q,131,G,7.0,20.0,-2.26
1EY0,A,132,G,7.0,20.0,-3.60
1EY0,A,132,V,7.0,20.0,-4.73
1EY0,K,133,A,7.0,20.0,-1.32
1EY0,K,133,F,7.0,20.0,-1.26
1EY0,K,133,G,7.0,20.0,-3.22
1EY0,K,133,Q,7.0,20.0,-0.44
1EY0,K,134,A,7.0,20.0,0.12
1EY0,K,134,C,7.0,20.0,-0.70
1EY0,K,134,F,7.0,20.0,-0.26
1EY0,K,134,G,7.0,20.0,-0.79
1EY0,E,135,A,7.0,20.0,-0.73
1EY0,E,135,F,7.0,20.0,-1.10
1EY0,E,135,G,7.0,20.0,-1.64
1EY0,E,135,K,7.0,20.0,-1.17
1EY0,E,135,Q,7.0,20.0,-0.71
1EY0,K,136,A,7.0,20.0,-0.75
1EY0,K,136,F,7.0,20.0,-0.97
1EY0,K,136,G,7.0,20.0,-0.02
1EY0,L,137,A,7.0,20.0,-2.18
1EY0,L,137,G,7.0,20.0,-4.43
1EY0,L,137,I,7.0,20.0,-0.76
1EY0,L,137,V,7.0,20.0,-1.42
1EY0,N,138,A,7.0,20.0,-0.97
1EY0,N,138,G,7.0,20.0,0.59
1EY0,I,139,A,7.0,20.0,-3.29
1EY0,I,139,G,7.0,20.0,-4.22
1EY0,I,139,L,7.0,20.0,-0.09
1EY0,I,139,M,7.0,20.0,-0.39
1EY0,I,139,V,7.0,20.0,-1.37
1EY0,S,141,A,7.0,31.4,-0.27
1EY0,S,141,G,7.0,20.0,-0.82
1LZ1,K,1,A,2.7,64.9,-0.60
1LZ1,K,1,M,2.7,64.9,-0.12
1LZ1,V,2,A,2.7,64.9,-1.51
1LZ1,V,2,D,2.7,64.9,-1.44
1LZ1,V,2,F,2.7,64.9,-0.86
1LZ1,V,2,G,2.7,64.9,-2.30
1LZ1,V,2,I,2.7,64.9,1.10
1LZ1,V,2,L,2.7,64.9,-0.05
1LZ1,V,2,M,2.7,64.9,-0.31
1LZ1,V,2,N,2.7,64.9,-1.34
1LZ1,V,2,R,2.7,64.9,-0.38
1LZ1,V,2,S,2.7,64.9,-1.41
1LZ1,V,2,Y,2.7,64.9,-0.36
1LZ1,E,7,Q,3.5,65.0,-0.94
1LZ1,L,8,T,2.7,64.9,-3.73
1LZ1,A,9,S,2.7,64.9,-0.02
1LZ1,G,16,A,2.7,64.9,-1.39
1LZ1,D,18,N,3.4,65.0,-1.28
1LZ1,G,19,A,2.7,64.9,-1.77
1LZ1,Y,20,F,2.7,64.9,-0.50
1LZ1,R,21,A,2.7,64.9,1.32
1LZ1,R,21,G,2.7,64.9,1.15
1LZ1,G,22,A,2.7,64.9,-1.79
1LZ1,I,23,A,2.7,64.9,-2.54
1LZ1,I,23,V,2.7,64.9,-0.36
1LZ1,A,32,L,2.7,64.9,-0.10
1LZ1,A,32,S,2.7,64.9,-0.33
1LZ1,E,35,L,2.7,64.9,-0.53
1LZ1,G,37,A,2.7,64.9,-0.29
1LZ1,G,37,Q,3.0,52.3,-0.40
1LZ1,Y,38,A,2.7,64.9,-2.49
1LZ1,Y,38,F,2.7,64.9,-0.19
1LZ1,Y,38,G,2.7,64.9,-2.32
1LZ1,Y,45,F,2.7,64.9,0.07
1LZ1,G,48,A,2.7,64.9,0.45
1LZ1,D,49,N,3.4,65.0,-0.65
1LZ1,R,50,A,2.7,64.9,0.43
1LZ1,R,50,G,3.0,52.3,0.32
1LZ1,Y,54,F,2.7,64.9,-0.96
1LZ1,I,56,A,2.7,64.9,-3.71
1LZ1,I,56,F,2.7,64.9,-4.09
1LZ1,I,56,L,2.7,64.9,-0.10
1LZ1,I,56,M,2.7,64.9,-1.77
1LZ1,I,56,T,3.0,52.3,-4.31
1LZ1,I,56,V,2.7,64.9,-1.20
1LZ1,Q,58,A,2.7,64.9,0.91
1LZ1,Q,58,G,3.0,52.3,1.91
1LZ1,I,59,A,2.7,64.9,-1.72
1LZ1,I,59,F,2.7,64.9,-0.81
1LZ1,I,59,G,2.7,64.9,-3.83
1LZ1,I,59,L,2.7,64.9,0.00
1LZ1,I,59,M,2.7,64.9,-1.29
1LZ1,I,59,S,2.7,64.9,-3.59
1LZ1,I,59,T,2.7,64.9,-2.22
1LZ1,I,59,V,2.7,64.9,-1.10
1LZ1,I,59,Y,2.7,64.9,-3.78
1LZ1,Y,63,F,2.7,64.9,-0.24
1LZ1,D,67,H,4.0,10.0,-3.73
1LZ1,D,67,N,3.5,65.0,-1.39
1LZ1,G,68,A,2.7,64.9,-0.12
1LZ1,G,72,A,2.7,64.9,-0.36
1LZ1,V,74,A,2.7,64.9,-0.36
1LZ1,V,74,D,2.7,64.9,-0.43
1LZ1,V,74,F,2.7,64.9,-0.29
1LZ1,V,74,G,2.7,64.9,-0.22
1LZ1,V,74,I,2.7,64.9,0.45
1LZ1,V,74,L,2.7,64.9,0.19
1LZ1,V,74,M,2.7,64.9,0.65
1LZ1,V,74,N,2.7,64.9,-0.33
1LZ1,V,74,R,2.7,64.9,-0.07
1LZ1,V,74,S,2.7,64.9,-0.38
1LZ1,V,74,Y,2.7,64.9,-0.24
1LZ1,C,77,A,3.0,57.0,-4.60
1LZ1,H,78,A,2.7,64.9,-0.14
1LZ1,H,78,G,3.0,52.3,-0.21
1LZ1,I,89,A,2.7,64.9,-2.70
1LZ1,I,89,V,2.7,64.9,-0.48
1LZ1,A,92,S,2.7,64.9,0.81
1LZ1,V,93,A,2.7,64.9,-0.74
1LZ1,V,93,T,2.7,64.9,-0.67
1LZ1,A,96,M,2.7,64.9,0.02
1LZ1,A,96,S,2.7,64.9,-1.00
1LZ1,V,99,A,2.7,64.9,-0.98
1LZ1,V,99,T,2.7,64.9,-0.50
1LZ1,V,100,A,2.7,64.9,-0.26
1LZ1,V,100,F,2.7,64.9,-1.65
1LZ1,V,100,T,2.7,64.9,-0.29
1LZ1,D,102,N,3.5,65.0,-0.15
1LZ1,G,105,A,2.7,64.9,-0.62
1LZ1,I,106,A,2.7,64.9,-0.93
1LZ1,I,106,V,2.7,64.9,-0.72
1LZ1,V,110,A,2.7,64.9,0.53
1LZ1,V,110,D,2.7,64.9,0.17
1LZ1,V,110,F,2.7,64.9,-0.05
1LZ1,V,110,G,2.7,64.9,0.48
1LZ1,V,110,I,2.7,64.9,0.86
1LZ1,V,110,L,2.7,64.9,0.07
1LZ1,V,110,M,2.7,64.9,0.53
1LZ1,V,110,N,2.7,64.9,0.07
1LZ1,V,110,R,2.7,64.9,0.89
1LZ1,V,110,Y,2.7,64.9,-0.14
1LZ1,N,118,A,2.7,64.9,0.19
1LZ1,N,118,G,2.7,64.9,0.05
1LZ1,D,120,N,3.5,65.0,-0.17
1LZ1,V,121,A,2.7,64.9,-1.44
1LZ1,Y,124,F,2.7,64.9,-0.36
1LZ1,V,125,A,2.7,64.9,-1.32
1LZ1,G,127,A,2.7,64.9,-0.55
1LZ1,G,129,A,2.7,64.9,0.14
1LZ1,V,130,A,2.7,64.9,-0.84
1VQB,I,6,V,7.0,25.0,-0.35
1VQB,F,13,T,7.0,25.0,-0.35
1VQB,V,19,C,7.0,25.0,-0.15
1VQB,V,19,T,7.0,25.0,-0.30
1VQB,K,24,V,7.0,25.0,0.40
1VQB,Y,26,R,7.0,25.0,-0.20
1VQB,L,28,V,7.0,25.0,0.55
1VQB,E,30,F,7.0,25.0,1.02
1VQB,E,30,M,7.0,25.0,0.32
1VQB,E,30,N,7.0,25.0,-0.55
1VQB,L,32,H,7.0,25.0,-0.45
1VQB,L,32,R,7.0,25.0,-0.80
1VQB,L,32,W,7.0,25.0,1.40
1VQB,L,32,Y,7.0,25.0,0.50
1VQB,C,33,A,7.0,25.0,-0.25
1VQB,C,33,I,7.0,25.0,-0.45
1VQB,C,33,L,7.0,25.0,-1.30
1VQB,C,33,M,7.0,25.0,-1.75
1VQB,C,33,S,7.0,25.0,-2.12
1VQB,C,33,T,7.0,25.0,-2.30
1VQB,C,33,V,7.0,25.0,-0.10
1VQB,V,35,A,7.0,25.0,-1.02
1VQB,V,35,C,7.0,25.0,-0.55
1VQB,V,35,F,7.0,25.0,-1.50
1VQB,V,35,I,7.0,25.0,-0.32
1VQB,V,35,L,7.0,25.0,-1.07
1VQB,V,35,M,7.0,25.0,-0.53
1VQB,V,35,T,7.0,25.0,-2.65
1VQB,D,36,C,7.0,25.0,-1.02
1VQB,D,36,N,7.0,25.0,-0.50
1VQB,L,37,A,7.0,25.0,-3.85
1VQB,L,37,C,7.0,25.0,-2.30
1VQB,L,37,I,7.0,25.0,-0.70
1VQB,L,37,T,7.0,25.0,-2.60
1VQB,L,37,V,7.0,25.0,-1.75
1VQB,E,40,C,7.0,25.0,-0.80
1VQB,E,40,T,7.0,25.0,-0.20
1VQB,Y,41,A,7.0,25.0,-0.20
1VQB,Y,41,F,7.0,25.0,-0.30
1VQB,V,43,C,7.0,25.0,-1.05
1VQB,V,43,T,7.0,25.0,-0.80
1VQB,V,45,A,7.0,25.0,-1.05
1VQB,V,45,C,7.0,25.0,-0.05
1VQB,V,45,L,7.0,25.0,-1.50
1VQB,V,45,T,7.0,25.0,-1.75
1VQB,I,47,A,7.0,25.0,-3.32
1VQB,I,47,C,7.0,25.0,-2.33
1VQB,I,47,F,7.0,25.0,-0.85
1VQB,I,47,L,7.0,25.0,-0.28
1VQB,I,47,M,7.0,25.0,-1.00
1VQB,I,47,T,7.0,25.0,-3.70
1VQB,I,47,V,7.0,25.0,-1.18
1VQB,T,48,C,7.0,25.0,-0.40
1VQB,T,48,V,7.0,25.0,0.00
1VQB,L,49,A,7.0,25.0,-3.05
1VQB,L,49,C,7.0,25.0,-2.05
1VQB,L,49,I,7.0,25.0,-0.95
1VQB,L,49,T,7.0,25.0,-2.85
1VQB,L,49,V,7.0,25.0,-1.45
1VQB,D,50,H,7.0,25.0,-0.77
1VQB,T,62,C,7.0,25.0,-0.35
1VQB,T,62,V,7.0,25.0,0.65
1VQB,V,63,C,7.0,25.0,-2.05
1VQB,V,63,T,7.0,25.0,-2.50
1VQB,H,64,C,7.0,25.0,0.25
1VQB,S,67,C,7.0,25.0,-1.85
1VQB,S,67,T,7.0,25.0,-0.80
1VQB,F,68,L,7.0,25.0,-2.12
1VQB,F,68,V,7.0,25.0,-2.50
1VQB,K,69,H,7.0,25.0,-0.62
1VQB,K,69,M,7.0,25.0,0.08
1VQB,V,70,C,7.0,25.0,-1.60
1VQB,V,70,T,7.0,25.0,-1.75
1VQB,F,73,W,7.0,25.0,0.40
1VQB,M,77,A,7.0,25.0,-1.05
1VQB,M,77,C,7.0,25.0,0.00
1VQB,M,77,F,7.0,25.0,-0.10
1VQB,M,77,I,7.0,25.0,0.80
1VQB,M,77,L,7.0,25.0,-0.60
1VQB,M,77,T,7.0,25.0,-0.40
1VQB,M,77,V,7.0,25.0,0.60
1VQB,I,78,C,7.0,25.0,-2.20
1VQB,I,78,T,7.0,25.0,-3.30
1VQB,I,78,V,7.0,25.0,-0.65
1VQB,L,81,C,7.0,25.0,-1.85
1VQB,L,81,T,7.0,25.0,-2.55
1VQB,L,81,V,7.0,25.0,-0.10
1VQB,R,82,C,7.0,25.0,-0.75
1VQB,A,86,T,7.0,25.0,-0.35
1VQB,A,86,V,7.0,25.0,0.25
2LZM,I,3,A,5.4,59.3,-0.79
2LZM,I,3,C,5.4,59.3,0.07
2LZM,I,3,D,5.4,59.3,-2.87
2LZM,I,3,E,4.0,53.0,-1.72
2LZM,I,3,F,4.0,53.0,-1.02
2LZM,I,3,G,5.4,59.3,-2.03
2LZM,I,3,L,4.2,56.2,0.77
2LZM,I,3,M,5.4,59.3,-0.76
2LZM,I,3,S,5.4,59.3,-1.75
2LZM,I,3,T,4.0,53.0,-2.15
2LZM,I,3,V,5.4,59.3,-0.45
2LZM,I,3,W,6.5,64.7,-2.80
2LZM,I,3,Y,5.4,59.3,-2.39
2LZM,M,6,I,6.5,43.5,-3.10
2LZM,E,11,A,5.4,66.5,1.10
2LZM,E,11,F,5.4,66.5,1.70
2LZM,E,11,M,5.4,66.5,1.60
2LZM,K,16,E,4.4,61.2,0.15
2LZM,Y,25,G,7.0,22.0,-4.55
2LZM,G,30,A,5.4,66.5,0.10
2LZM,G,30,F,5.4,66.5,-1.50
2LZM,S,38,A,3.0,53.4,-0.77
2LZM,S,38,D,5.7,50.1,-0.01
2LZM,A,41,V,3.9,57.0,0.37
2LZM,S,44,A,2.5,47.8,0.44
2LZM,G,51,D,7.0,22.0,-2.63
2LZM,C,54,T,6.2,67.6,0.87
2LZM,C,54,V,6.5,70.0,-0.70
2LZM,N,55,G,5.4,59.3,-0.58
2LZM,I,58,Y,7.0,22.0,-3.11
2LZM,K,60,H,5.4,54.9,-0.26
2LZM,N,68,A,2.5,47.8,0.05
2LZM,G,77,A,5.9,48.4,-0.20
2LZM,K,83,H,5.4,54.9,-0.42
2LZM,S,90,H,5.5,59.0,-1.09
2LZM,R,96,H,5.6,63.6,-2.91
2LZM,A,98,T,7.0,22.0,-3.83
2LZM,A,98,V,5.7,27.8,-4.98
2LZM,M,102,V,3.0,47.0,-3.00
2LZM,V,103,A,7.0,22.0,-1.91
2LZM,Q,105,A,4.8,59.8,-0.68
2LZM,Q,105,E,4.8,59.8,-0.94
2LZM,Q,105,G,5.9,41.7,-2.30
2LZM,G,113,A,4.0,53.3,0.39
2LZM,T,115,E,5.0,60.8,0.03
2LZM,N,116,D,4.6,60.9,0.47
2LZM,S,117,F,5.4,66.5,1.10
2LZM,S,117,I,5.4,66.5,1.70
2LZM,S,117,V,5.4,66.5,2.00
2LZM,R,119,E,4.8,46.9,-0.06
2LZM,R,119,M,4.8,59.8,0.00
2LZM,Q,123,E,5.5,61.9,0.27
2LZM,K,124,G,5.4,59.3,-0.08
2LZM,E,128,A,2.0,40.8,0.16
2LZM,E,128,K,3.0,47.0,-1.16
2LZM,A,129,V,2.5,47.7,-0.74
2LZM,V,131,A,3.4,53.2,0.30
2LZM,V,131,D,3.0,53.1,0.08
2LZM,V,131,E,3.0,53.1,0.20
2LZM,V,131,G,3.0,53.1,-0.68
2LZM,V,131,I,3.0,53.1,0.16
2LZM,V,131,L,3.0,53.1,0.09
2LZM,V,131,M,3.0,53.1,0.12
2LZM,V,131,S,3.0,53.1,-0.05
2LZM,V,131,T,2.7,49.7,-0.09
2LZM,N,132,F,5.4,66.5,1.30
2LZM,N,132,I,5.4,66.5,1.20
2LZM,N,132,M,5.4,66.5,1.50
2LZM,L,133,A,2.0,40.8,-4.19
2LZM,L,133,F,2.5,47.7,-0.26
2LZM,K,135,E,4.8,46.9,-0.83
2LZM,W,138,Y,6.0,26.4,-2.62
2LZM,N,144,D,5.2,61.2,0.39
2LZM,N,144,E,5.5,61.9,0.46
2LZM,A,146,I,7.0,22.0,-4.31
2LZM,A,146,T,6.1,44.5,-2.25
2LZM,A,146,V,7.0,22.0,-4.31
2LZM,K,147,E,4.8,46.9,-0.53
2LZM,V,149,A,7.0,22.0,-2.87
2LZM,V,149,C,3.0,40.0,-2.20
2LZM,T,152,S,3.0,40.0,-2.60
2LZM,F,153,C,7.0,22.0,-3.11
2LZM,R,154,E,4.4,61.2,-0.65
2LZM,G,156,D,6.2,41.6,-3.03
2LZM,T,157,A,2.5,46.3,-0.90
2LZM,T,157,C,2.0,42.0,-1.30
2LZM,T,157,D,6.0,26.1,-2.12
2LZM,T,157,E,2.5,46.3,-1.22
2LZM,T,157,F,6.0,26.1,-3.73
2LZM,T,157,G,2.0,42.0,-1.10
2LZM,T,157,H,2.0,42.0,-2.10
2LZM,T,157,I,3.8,54.6,-1.79
2LZM,T,157,L,2.5,46.3,-1.63
2LZM,T,157,N,2.5,46.3,-0.99
2LZM,T,157,R,2.5,46.3,-0.54
2LZM,T,157,S,2.0,42.0,-0.66
2LZM,T,157,V,2.5,46.3,-1.49
2LZM,A,160,T,6.5,43.5,-3.12
5DFR,I,2,V,7.8,15.0,-0.55
5DFR,G,15,A,7.8,15.0,0.44
5DFR,W,22,L,7.8,15.0,-0.31
5DFR,L,24,V,7.8,15.0,-1.29
5DFR,D,27,N,7.8,15.0,1.21
5DFR,L,28,R,7.8,15.0,1.08
5DFR,W,30,A,7.8,15.0,-2.03
5DFR,W,30,E,7.8,15.0,-2.42
5DFR,W,30,H,7.8,15.0,-2.44
5DFR,W,30,M,7.8,15.0,-1.94
5DFR,W,30,N,7.8,15.0,-2.07
5DFR,W,30,R,7.8,15.0,-2.09
5DFR,W,30,S,7.8,15.0,-2.29
5DFR,W,30,Y,7.8,15.0,-1.79
5DFR,F,31,A,7.8,15.0,-1.72
5DFR,F,31,V,7.8,15.0,-1.46
5DFR,T,35,A,7.8,15.0,-1.10
5DFR,V,40,A,7.8,15.0,-1.59
5DFR,V,40,F,7.8,15.0,-1.99
5DFR,V,40,H,7.8,15.0,-2.76
5DFR,V,40,I,7.8,15.0,-0.50
5DFR,V,40,L,7.8,15.0,-0.78
5DFR,V,40,M,7.8,15.0,-1.27
5DFR,V,40,N,7.8,15.0,-1.82
5DFR,V,40,R,7.8,15.0,-1.38
5DFR,V,40,S,7.8,15.0,-2.04
5DFR,G,43,A,7.8,15.0,-0.48
5DFR,R,44,A,7.8,15.0,-0.94
5DFR,R,44,L,7.8,15.0,0.78
5DFR,L,54,V,7.8,15.0,-0.32
5DFR,N,59,C,7.8,15.0,0.24
5DFR,N,59,E,7.8,15.0,-1.36
5DFR,N,59,G,7.8,15.0,-2.01
5DFR,N,59,H,7.8,15.0,-0.81
5DFR,N,59,I,7.8,15.0,0.13
5DFR,N,59,K,7.8,15.0,-1.55
5DFR,N,59,L,7.8,15.0,0.01
5DFR,N,59,M,7.8,15.0,-0.14
5DFR,N,59,Q,7.8,15.0,-0.35
5DFR,N,59,S,7.8,15.0,-1.26
5DFR,N,59,T,7.8,15.0,-0.05
5DFR,N,59,V,7.8,15.0,0.36
5DFR,N,59,W,7.8,15.0,-0.79
5DFR,I,61,L,7.8,15.0,-0.36
5DFR,I,61,V,7.8,15.0,-0.83
5DFR,G,67,A,7.0,15.0,-0.05
5DFR,G,67,C,7.0,15.0,-0.51
5DFR,G,67,D,7.0,15.0,-0.58
5DFR,G,67,L,7.0,15.0,-0.51
5DFR,G,67,S,7.0,15.0,-0.27
5DFR,G,67,T,7.0,15.0,-0.62
5DFR,G,67,V,7.0,15.0,-0.70
5DFR,W,74,F,7.8,15.0,-1.20
5DFR,V,75,A,7.8,15.0,-0.05
5DFR,V,75,C,7.8,15.0,-0.05
5DFR,V,75,H,7.1,15.0,-1.72
5DFR,V,75,I,7.8,15.0,-1.65
5DFR,V,75,R,7.8,15.0,-2.00
5DFR,V,75,S,7.8,15.0,-0.80
5DFR,V,75,Y,7.8,15.0,-1.80
5DFR,C,85,S,7.8,15.0,-0.97
5DFR,V,88,A,7.2,20.0,0.29
5DFR,V,88,I,7.2,20.0,-0.49
5DFR,I,91,L,7.8,15.0,-1.50
5DFR,I,91,V,7.8,15.0,-1.34
5DFR,I,94,L,7.8,15.0,-0.63
5DFR,I,94,V,7.8,15.0,-0.67
5DFR,G,95,A,7.8,15.0,-0.90
5DFR,L,112,I,7.8,15.0,-0.25
5DFR,L,112,V,7.8,15.0,-1.39
5DFR,T,113,V,7.8,15.0,-0.91
5DFR,G,121,A,7.0,15.0,-0.01
5DFR,G,121,C,7.0,15.0,-0.22
5DFR,G,121,D,7.0,15.0,-0.34
5DFR,G,121,H,7.0,15.0,-0.56
5DFR,G,121,L,7.0,15.0,-0.58
5DFR,G,121,S,7.0,15.0,-0.08
5DFR,G,121,V,7.0,15.0,-0.99
5DFR,G,121,Y,7.0,15.0,-0.51
5DFR,D,122,A,7.8,15.0,-1.00
5DFR,E,139,K,7.8,15.0,-1.59
5DFR,E,139,Q,7.8,15.0,-0.89
5DFR,S,148,A,7.8,15.0,-0.42
5DFR,S,148,E,7.8,15.0,-0.61
5DFR,S,148,K,7.8,15.0,-0.38
5DFR,S,148,N,7.8,15.0,-0.88
5DFR,S,148,R,7.8,15.0,-0.66
5DFR,S,148,T,7.8,15.0,-0.41
5DFR,S,148,V,7.8,15.0,-0.35
5DFR,C,152,E,7.8,15.0,-0.97
5DFR,I,155,A,7.8,15.0,-2.99
5DFR,I,155,D,7.8,15.0,-3.19
5DFR,I,155,E,7.8,15.0,-2.62
5DFR,I,155,K,7.8,15.0,-2.69
5DFR,I,155,L,7.8,15.0,-1.63
5DFR,I,155,Q,7.8,15.0,-3.01
5DFR,I,155,R,7.8,15.0,-2.65
5DFR,I,155,S,7.8,15.0,-3.09
5DFR,I,155,T,7.8,15.0,-2.53
5DFR,I,155,V,7.8,15.0,-0.03
5DFR,I,155,W,7.8,15.0,-3.21
5DFR,I,155,Y,7.8,15.0,-2.85
